team_uuid,team_title,franchise,event,lineup_date,matchup_uuid,player_uuid,full_name,gender,slot,singles_games,singles_value_raw,doubles_value,value_used,value_source
8d4a420e-5e4d-44f0-af02-4f2d4b655d09,Atlanta Bouncers,1,MLP San Diego,2026-07-19,2c68b2b9-b0a7-4ace-9b4e-90ed81b850c7,b1ab7d76-a859-4136-8405-3ed7c9be287a,Mari Humberg,F,F1,110,0.7383,0.9922,0.7383,singles
8d4a420e-5e4d-44f0-af02-4f2d4b655d09,Atlanta Bouncers,1,MLP San Diego,2026-07-19,2c68b2b9-b0a7-4ace-9b4e-90ed81b850c7,8e2f9629-19d0-409d-81dc-b64fe2f3d3ff,Jessie Irvine,F,F2,121,0.6158,0.7421,0.6158,singles
8d4a420e-5e4d-44f0-af02-4f2d4b655d09,Atlanta Bouncers,1,MLP San Diego,2026-07-19,2c68b2b9-b0a7-4ace-9b4e-90ed81b850c7,cc8832b9-9a8f-4cbc-8eff-b20e9a7ff09a,Jaume Martinez Vich,M,M1,341,1.5668,0.6923,1.5668,singles
8d4a420e-5e4d-44f0-af02-4f2d4b655d09,Atlanta Bouncers,1,MLP San Diego,2026-07-19,2c68b2b9-b0a7-4ace-9b4e-90ed81b850c7,295e343a-31a0-4e1d-a286-d62592291435,Jay Devilliers,M,M2,182,1.3685,0.9207,1.3685,singles
70219ed7-f994-45cc-8137-781b08e5fdbe,Bay Area Breakers,1,MLP San Diego,2026-07-19,b4659146-cbb0-4b3e-b0af-ad8dbfeac2a8,a95df9a8-772c-4dbf-8c28-e200b7308584,Kiora Kunimoto,F,F1,150,1.3006,0.5828,1.3006,singles
70219ed7-f994-45cc-8137-781b08e5fdbe,Bay Area Breakers,1,MLP San Diego,2026-07-19,b4659146-cbb0-4b3e-b0af-ad8dbfeac2a8,25104e43-16f9-4ce3-9085-70243d8b350a,Ella Yeh,F,F2,9,-0.4400,0.4453,0.4376,imputed
70219ed7-f994-45cc-8137-781b08e5fdbe,Bay Area Breakers,1,MLP San Diego,2026-07-19,b4659146-cbb0-4b3e-b0af-ad8dbfeac2a8,4057f30d-d42a-4189-a158-11576fb5f52a,Blaine Hovenier,M,M1,138,0.8058,0.6497,0.8058,singles
70219ed7-f994-45cc-8137-781b08e5fdbe,Bay Area Breakers,1,MLP San Diego,2026-07-19,b4659146-cbb0-4b3e-b0af-ad8dbfeac2a8,2856d69d-887b-4e89-a5c9-975f581f84a0,Len Yang,M,M2,0,,0.6180,0.6345,imputed
fe9c66f9-c52c-4153-89bc-207d3bb5d934,Brooklyn Pickleball Team,1,Edward Jones Mid-Season Tournament,2026-07-10,8691162f-5074-4b1f-8fde-198ecbc51a19,be33755f-9262-461b-aedd-e9a7a686a82c,Jackie Kawamoto,F,F1,0,,1.0882,1.1705,imputed
fe9c66f9-c52c-4153-89bc-207d3bb5d934,Brooklyn Pickleball Team,1,Edward Jones Mid-Season Tournament,2026-07-10,8691162f-5074-4b1f-8fde-198ecbc51a19,25a6f570-d617-427a-9fc4-3bf6115a9a84,Hannah Blatt,F,F2,139,0.7658,0.1899,0.7658,singles
fe9c66f9-c52c-4153-89bc-207d3bb5d934,Brooklyn Pickleball Team,1,Edward Jones Mid-Season Tournament,2026-07-10,8691162f-5074-4b1f-8fde-198ecbc51a19,a91e2b68-7357-4518-baf9-f59b0b4c2477,Christopher Haworth,M,M1,290,1.8749,0.6193,1.8749,singles
fe9c66f9-c52c-4153-89bc-207d3bb5d934,Brooklyn Pickleball Team,1,Edward Jones Mid-Season Tournament,2026-07-10,8691162f-5074-4b1f-8fde-198ecbc51a19,bc7b2475-e580-4734-bc14-814a153bec5d,Pesa Teoni,M,M2,101,0.3711,0.3646,0.3711,singles
bb45f80b-4be3-4b57-9537-9fb899819a9a,California Black Bears,1,MLP San Diego,2026-07-19,20a230ed-e11b-4297-bffe-baa2dfd3e10d,051f5c82-82ce-4ab8-b4f8-36976638a89b,Sahra Dennehy,F,F1,75,1.3251,0.8290,1.3251,singles
bb45f80b-4be3-4b57-9537-9fb899819a9a,California Black Bears,1,MLP San Diego,2026-07-19,20a230ed-e11b-4297-bffe-baa2dfd3e10d,1d701c30-6b5d-485f-ae97-60f3b0c50896,Zoey Weil,F,F2,102,0.8308,0.6966,0.8308,singles
bb45f80b-4be3-4b57-9537-9fb899819a9a,California Black Bears,1,MLP San Diego,2026-07-19,20a230ed-e11b-4297-bffe-baa2dfd3e10d,52726ab1-2ac9-46c0-be90-6b0e7a2d56eb,Pablo Tellez,M,M1,168,1.1974,0.6926,1.1974,singles
bb45f80b-4be3-4b57-9537-9fb899819a9a,California Black Bears,1,MLP San Diego,2026-07-19,20a230ed-e11b-4297-bffe-baa2dfd3e10d,a51b59c5-1a13-4472-821a-eb9866e72adf,Joseph Wild,M,M2,4,0.3823,0.7049,0.7336,imputed
6e6e4897-ccb9-4ea0-8fda-219e79f7a1ab,Carolina Hogs,1,Edward Jones Mid-Season Tournament,2026-07-10,0ed9ef85-08bb-41ec-8af8-0b408a5ca653,a018902f-114c-4519-997c-4fdf52d4a0e1,Abbigal Hatton,F,F1,0,,0.3863,0.3704,imputed
6e6e4897-ccb9-4ea0-8fda-219e79f7a1ab,Carolina Hogs,1,Edward Jones Mid-Season Tournament,2026-07-10,0ed9ef85-08bb-41ec-8af8-0b408a5ca653,5925398b-b2a9-4e8f-ae46-5c2b59b1b818,Nicole Conard,F,F2,155,0.3678,0.3319,0.3678,singles
6e6e4897-ccb9-4ea0-8fda-219e79f7a1ab,Carolina Hogs,1,Edward Jones Mid-Season Tournament,2026-07-10,0ed9ef85-08bb-41ec-8af8-0b408a5ca653,a9a168ae-7822-4d31-b07b-fba40480c1fc,Brandon French,M,M1,98,1.0429,0.5871,1.0429,singles
6e6e4897-ccb9-4ea0-8fda-219e79f7a1ab,Carolina Hogs,1,Edward Jones Mid-Season Tournament,2026-07-10,0ed9ef85-08bb-41ec-8af8-0b408a5ca653,d45a3391-82f4-45d0-ba66-f1901854a8d0,Darrian Young,M,M2,55,0.4891,0.5220,0.4891,singles
71e58382-1a3a-40b2-bcbb-0a391e67c519,Chicago Slice,1,Edward Jones Mid-Season Tournament,2026-07-11,7d852b01-61cf-4867-948a-b7e57f21d0f8,29e8121d-6f86-4192-b7af-ab05b77b89fe,Ting Chieh Wei,F,F1,117,0.7984,0.7522,0.7984,singles
71e58382-1a3a-40b2-bcbb-0a391e67c519,Chicago Slice,1,Edward Jones Mid-Season Tournament,2026-07-11,7d852b01-61cf-4867-948a-b7e57f21d0f8,34270d82-e968-407d-a918-8aa57f0123a6,Elsie Hendershot,F,F2,46,0.1920,0.3731,0.1920,singles
71e58382-1a3a-40b2-bcbb-0a391e67c519,Chicago Slice,1,Edward Jones Mid-Season Tournament,2026-07-11,7d852b01-61cf-4867-948a-b7e57f21d0f8,e96d9339-cfb6-473d-bcb3-23f2887a3e0f,John Lucian Goins,M,M1,269,1.5029,0.6718,1.5029,singles
71e58382-1a3a-40b2-bcbb-0a391e67c519,Chicago Slice,1,Edward Jones Mid-Season Tournament,2026-07-11,7d852b01-61cf-4867-948a-b7e57f21d0f8,30eb9a2b-1570-473f-8cf1-0f7c9d21b303,Zane Navratil,M,M2,67,1.0035,0.5808,1.0035,singles
3c94cf60-2ab3-4014-9bb2-9ba0357a7392,College All-Stars,0,Edward Jones Mid-Season Tournament,2026-07-10,b18b0f17-bcc7-45c3-88a5-312c62113f17,756a7a13-a3d8-4d89-8afb-e2071ec6dc82,Lauren Mercado,F,F1,2,-0.8618,0.2925,0.2634,imputed
3c94cf60-2ab3-4014-9bb2-9ba0357a7392,College All-Stars,0,Edward Jones Mid-Season Tournament,2026-07-10,b18b0f17-bcc7-45c3-88a5-312c62113f17,481d9fef-ed7a-4fc9-9d19-a4f9b5a57d56,Ella Cosma,F,F2,20,-0.4007,0.0284,-0.4007,singles
3c94cf60-2ab3-4014-9bb2-9ba0357a7392,College All-Stars,0,Edward Jones Mid-Season Tournament,2026-07-10,b18b0f17-bcc7-45c3-88a5-312c62113f17,fdac2a31-cbb1-41bf-aec7-88db9ce139a1,Ryan Morneau,M,M1,8,1.0170,0.5755,0.5861,imputed
3c94cf60-2ab3-4014-9bb2-9ba0357a7392,College All-Stars,0,Edward Jones Mid-Season Tournament,2026-07-10,b18b0f17-bcc7-45c3-88a5-312c62113f17,a97181e0-7832-404d-ac34-fb8346ea2b98,Kallan Arledge,M,M2,8,0.0507,0.1068,0.0518,imputed
b7b1049e-446a-44f8-88ff-865db2298db5,Columbus Sliders,1,MLP San Diego,2026-07-19,fbfc30f2-75a0-4530-aad6-81458f5ebe0a,1728d016-1f02-4789-be73-63d12d5a5b42,Parris Todd,F,F1,247,1.6909,1.1390,1.6909,singles
b7b1049e-446a-44f8-88ff-865db2298db5,Columbus Sliders,1,MLP San Diego,2026-07-19,fbfc30f2-75a0-4530-aad6-81458f5ebe0a,fec65f7e-f2c8-482f-ab5b-541cf53b1064,Tyra Hurricane Black,F,F2,0,,1.0877,1.1700,imputed
b7b1049e-446a-44f8-88ff-865db2298db5,Columbus Sliders,1,MLP San Diego,2026-07-19,fbfc30f2-75a0-4530-aad6-81458f5ebe0a,581183e8-3d9e-459e-b69f-7337d8b6f3d2,Andrei Daescu,M,M1,0,,0.9750,1.0415,imputed
b7b1049e-446a-44f8-88ff-865db2298db5,Columbus Sliders,1,MLP San Diego,2026-07-19,fbfc30f2-75a0-4530-aad6-81458f5ebe0a,ead35052-7367-4296-96d4-064f546cc2b9,CJ Klinger,M,M2,0,,0.7577,0.7938,imputed
01835b00-5626-4d6e-ad40-9357b072eb73,Dallas Flash,1,MLP San Diego,2026-07-19,fbfc30f2-75a0-4530-aad6-81458f5ebe0a,646f7432-e6ad-4ccf-95ee-a0e5d9514d28,Alix Truong,F,F1,94,0.6994,0.7944,0.6994,singles
01835b00-5626-4d6e-ad40-9357b072eb73,Dallas Flash,1,MLP San Diego,2026-07-19,fbfc30f2-75a0-4530-aad6-81458f5ebe0a,2c4de762-88d6-47c3-8b2b-af562c5d1f93,Danni-Elle Townsend,F,F2,36,0.5694,1.0217,0.5694,singles
01835b00-5626-4d6e-ad40-9357b072eb73,Dallas Flash,1,MLP San Diego,2026-07-19,fbfc30f2-75a0-4530-aad6-81458f5ebe0a,bd061b42-2f82-4bbe-82be-d8bcfb37f9e1,JW Johnson,M,M1,174,1.3713,1.0854,1.3713,singles
01835b00-5626-4d6e-ad40-9357b072eb73,Dallas Flash,1,MLP San Diego,2026-07-19,fbfc30f2-75a0-4530-aad6-81458f5ebe0a,ba491f1c-0112-47a8-a348-4695289e958a,Augustus Ge,M,M2,119,0.9983,0.7419,0.9983,singles
e9b1ce59-d394-4570-8776-2782c94723f5,Florida Smash,1,MLP San Diego,2026-07-18,2e439a6d-f906-4528-b758-8b9a4a251426,87d60b6f-6f2e-4610-ab89-487e8acc097e,Mya Bui,F,F1,104,0.5478,0.4678,0.5478,singles
e9b1ce59-d394-4570-8776-2782c94723f5,Florida Smash,1,MLP San Diego,2026-07-18,2e439a6d-f906-4528-b758-8b9a4a251426,ad6e69ff-7913-4b21-86dd-9489f749be01,Paula Rives,F,F2,55,0.1520,0.4726,0.1520,singles
e9b1ce59-d394-4570-8776-2782c94723f5,Florida Smash,1,MLP San Diego,2026-07-18,2e439a6d-f906-4528-b758-8b9a4a251426,518626d4-2600-4134-8c6a-0ae9315f9625,Cason Campbell,M,M1,212,1.1792,0.5092,1.1792,singles
e9b1ce59-d394-4570-8776-2782c94723f5,Florida Smash,1,MLP San Diego,2026-07-18,2e439a6d-f906-4528-b758-8b9a4a251426,306da673-de7e-44f5-bc16-0738b44bd089,Christopher Crouch,M,M2,125,0.6782,0.5109,0.6782,singles
43437cb4-02e1-4653-9bf6-c999a5d6315e,Las Vegas Night Owls,1,Edward Jones Mid-Season Tournament,2026-07-09,fb7dfc22-d2bc-4e1d-8d18-6dea3e1de532,20684550-cb89-4ea2-9e2f-0f44eb920b45,Chao Yi Wang,F,F1,273,1.2202,0.8588,1.2202,singles
43437cb4-02e1-4653-9bf6-c999a5d6315e,Las Vegas Night Owls,1,Edward Jones Mid-Season Tournament,2026-07-09,fb7dfc22-d2bc-4e1d-8d18-6dea3e1de532,0c1bb94d-3af2-42f4-b938-d712c707ace4,Callie Smith,F,F2,10,0.8995,0.6431,0.8995,singles
43437cb4-02e1-4653-9bf6-c999a5d6315e,Las Vegas Night Owls,1,Edward Jones Mid-Season Tournament,2026-07-09,fb7dfc22-d2bc-4e1d-8d18-6dea3e1de532,925c1306-6b3b-4510-8482-f34168a0842a,Roscoe Bellamy,M,M1,277,1.5249,0.7114,1.5249,singles
43437cb4-02e1-4653-9bf6-c999a5d6315e,Las Vegas Night Owls,1,Edward Jones Mid-Season Tournament,2026-07-09,fb7dfc22-d2bc-4e1d-8d18-6dea3e1de532,b68c0204-d9d4-4cba-bf23-46706abd77bf,Clayton Powell,M,M2,39,0.4058,0.5889,0.4058,singles
dfd50c88-6687-4e6f-8e67-4b9932a8dbd7,Los Angeles Mad Drops,1,MLP San Diego,2026-07-19,20a230ed-e11b-4297-bffe-baa2dfd3e10d,9b97206b-783a-4fab-85e9-45a6240325a5,Catherine Parenteau,F,F1,286,1.4397,0.8946,1.4397,singles
dfd50c88-6687-4e6f-8e67-4b9932a8dbd7,Los Angeles Mad Drops,1,MLP San Diego,2026-07-19,20a230ed-e11b-4297-bffe-baa2dfd3e10d,6cae3a50-eee6-45ea-8b28-85ef9c50e3c4,Jade Kawamoto,F,F2,0,,1.1558,1.2476,imputed
dfd50c88-6687-4e6f-8e67-4b9932a8dbd7,Los Angeles Mad Drops,1,MLP San Diego,2026-07-19,20a230ed-e11b-4297-bffe-baa2dfd3e10d,6f862c1d-1317-4fe7-bdcd-64caa0dbb088,Ben Johns,M,M1,203,1.6897,1.1139,1.6897,singles
dfd50c88-6687-4e6f-8e67-4b9932a8dbd7,Los Angeles Mad Drops,1,MLP San Diego,2026-07-19,20a230ed-e11b-4297-bffe-baa2dfd3e10d,b03ff4de-9b8f-46a8-a530-d8f19e9d6ec9,Max Freeman,M,M2,142,1.0924,0.6907,1.0924,singles
1a39f443-f5f4-41a8-9dea-3edc28dd262b,Miami Pickleball Club,1,Edward Jones Mid-Season Tournament,2026-07-10,b947262b-2013-44dd-8a58-d191c27a2134,719e2d3b-d10d-402d-a195-41f072214679,Isabella Dunlap,F,F1,171,1.0564,0.7124,1.0564,singles
1a39f443-f5f4-41a8-9dea-3edc28dd262b,Miami Pickleball Club,1,Edward Jones Mid-Season Tournament,2026-07-10,b947262b-2013-44dd-8a58-d191c27a2134,bf84d952-c6a8-4494-943d-064b223e764f,Estee Widdershoven,F,F2,57,0.8361,0.7236,0.8361,singles
1a39f443-f5f4-41a8-9dea-3edc28dd262b,Miami Pickleball Club,1,Edward Jones Mid-Season Tournament,2026-07-10,b947262b-2013-44dd-8a58-d191c27a2134,1de884f8-7bf7-4b49-9de8-3f1fd74cabd6,Dylan Frazier,M,M1,267,1.4005,0.7531,1.4005,singles
1a39f443-f5f4-41a8-9dea-3edc28dd262b,Miami Pickleball Club,1,Edward Jones Mid-Season Tournament,2026-07-10,b947262b-2013-44dd-8a58-d191c27a2134,ce4f0e14-80ea-4ed0-a81c-7341d356d427,Yuta Funemizu,M,M2,98,0.7656,0.7681,0.7656,singles
0c38d948-0091-469a-9ddb-e6ecc0cf1dee,New Jersey 5s,1,Edward Jones Mid-Season Tournament,2026-07-12,c81177b9-5e43-4eed-a7a9-0a537be09ff0,129b2771-34b5-4b7f-9c23-e020a6aa3e6a,Anna Leigh Waters,F,F1,313,2.2717,1.7994,2.2717,singles
0c38d948-0091-469a-9ddb-e6ecc0cf1dee,New Jersey 5s,1,Edward Jones Mid-Season Tournament,2026-07-12,c81177b9-5e43-4eed-a7a9-0a537be09ff0,b51ea0fb-c243-4427-85f8-b798febb51ff,Jorja Johnson,F,F2,164,1.2011,1.1731,1.2011,singles
0c38d948-0091-469a-9ddb-e6ecc0cf1dee,New Jersey 5s,1,Edward Jones Mid-Season Tournament,2026-07-12,c81177b9-5e43-4eed-a7a9-0a537be09ff0,1bb8b2c1-ca6f-45ac-afdd-fab7e77d69d4,Noe Khlif,M,M1,286,1.4793,0.7918,1.4793,singles
0c38d948-0091-469a-9ddb-e6ecc0cf1dee,New Jersey 5s,1,Edward Jones Mid-Season Tournament,2026-07-12,c81177b9-5e43-4eed-a7a9-0a537be09ff0,d0f19d1e-2a6e-4eb3-b10c-1311edd599a8,Will Howells,M,M2,28,1.3187,0.7824,1.3187,singles
802e3e69-7173-48e4-9ac9-622d2fd20463,Orlando Squeeze,1,MLP San Diego,2026-07-19,b4659146-cbb0-4b3e-b0af-ad8dbfeac2a8,eb14fc6e-ede1-4999-bec3-e36695e7f94e,Milan Rane,F,F1,139,0.8898,0.7214,0.8898,singles
802e3e69-7173-48e4-9ac9-622d2fd20463,Orlando Squeeze,1,MLP San Diego,2026-07-19,b4659146-cbb0-4b3e-b0af-ad8dbfeac2a8,f76f4ac5-e3cc-4fe6-a4bc-a968b8b991b1,Alex Walker,F,F2,22,0.3905,0.4325,0.3905,singles
802e3e69-7173-48e4-9ac9-622d2fd20463,Orlando Squeeze,1,MLP San Diego,2026-07-19,b4659146-cbb0-4b3e-b0af-ad8dbfeac2a8,7edb882c-6d17-4129-8208-710e3c82364c,Federico Staksrud,M,M1,542,1.8576,0.9050,1.8576,singles
802e3e69-7173-48e4-9ac9-622d2fd20463,Orlando Squeeze,1,MLP San Diego,2026-07-19,b4659146-cbb0-4b3e-b0af-ad8dbfeac2a8,3a43c56f-b9d8-4e72-ae8a-58fd69291946,Jack Sock,M,M2,282,1.5741,0.8369,1.5741,singles
b4f37e71-b9e0-4387-8606-3e22546ad5a9,Palm Beach Royals,1,Edward Jones Mid-Season Tournament,2026-07-12,00f0a598-8cd9-4808-aa6d-f58b1fcab8cc,f879086b-e0e5-4772-b0a6-4055c265da69,Tina Pisnik,F,F1,0,,1.1255,1.2131,imputed
b4f37e71-b9e0-4387-8606-3e22546ad5a9,Palm Beach Royals,1,Edward Jones Mid-Season Tournament,2026-07-12,00f0a598-8cd9-4808-aa6d-f58b1fcab8cc,b9bacc1e-29b5-4a92-a9c1-24e08ac72215,Sofia Sewing,F,F2,2,0.3428,1.0173,1.0897,imputed
b4f37e71-b9e0-4387-8606-3e22546ad5a9,Palm Beach Royals,1,Edward Jones Mid-Season Tournament,2026-07-12,00f0a598-8cd9-4808-aa6d-f58b1fcab8cc,dbcb41e9-e983-410b-bc23-d184d034cfc0,Tyson McGuffin,M,M1,193,1.2891,0.6494,1.2891,singles
b4f37e71-b9e0-4387-8606-3e22546ad5a9,Palm Beach Royals,1,Edward Jones Mid-Season Tournament,2026-07-12,00f0a598-8cd9-4808-aa6d-f58b1fcab8cc,89843e44-48fd-4a3f-b8c0-5f5aa6ae5741,Dekel Bar,M,M2,0,,0.7618,0.7985,imputed
f6247f54-df2c-421f-89fe-6813f9893883,Phoenix Flames,1,MLP San Diego,2026-07-18,9771fb2d-15b2-480a-9562-3814cccd1f5f,3e6b668a-8d26-4424-9420-3ceb18486b65,Daria Walczak,F,F1,18,0.9256,0.7092,0.9256,singles
f6247f54-df2c-421f-89fe-6813f9893883,Phoenix Flames,1,MLP San Diego,2026-07-18,9771fb2d-15b2-480a-9562-3814cccd1f5f,a226291c-c48b-408b-a846-f45400d313a9,Alexa Schull,F,F2,30,0.6594,0.6499,0.6594,singles
f6247f54-df2c-421f-89fe-6813f9893883,Phoenix Flames,1,MLP San Diego,2026-07-18,9771fb2d-15b2-480a-9562-3814cccd1f5f,99b25b49-2a51-412d-9fbf-e1b6804acce0,Camden Chaffin,M,M1,49,1.1528,0.5914,1.1528,singles
f6247f54-df2c-421f-89fe-6813f9893883,Phoenix Flames,1,MLP San Diego,2026-07-18,9771fb2d-15b2-480a-9562-3814cccd1f5f,62955f38-bdf5-46af-9622-13c7afe90619,Jonathan Truong,M,M2,69,0.6619,0.6515,0.6619,singles
45f9b36e-9e22-4218-b40f-e9c25281d225,SoCal Hard Eights,1,MLP San Diego,2026-07-19,2c68b2b9-b0a7-4ace-9b4e-90ed81b850c7,9eff9049-c45c-42ee-9a49-e9a797cc2116,Cailyn Campbell,F,F1,146,0.9038,0.6217,0.9038,singles
45f9b36e-9e22-4218-b40f-e9c25281d225,SoCal Hard Eights,1,MLP San Diego,2026-07-19,2c68b2b9-b0a7-4ace-9b4e-90ed81b850c7,8f521dcc-1cb5-4c8d-933c-af6b267bd395,Meghan Dizon,F,F2,7,0.6815,0.8478,0.8965,imputed
45f9b36e-9e22-4218-b40f-e9c25281d225,SoCal Hard Eights,1,MLP San Diego,2026-07-19,2c68b2b9-b0a7-4ace-9b4e-90ed81b850c7,33292af3-984d-4752-8d18-b3a5c147e9fe,Armaan Bhatia,M,M1,38,1.1337,0.7666,1.1337,singles
45f9b36e-9e22-4218-b40f-e9c25281d225,SoCal Hard Eights,1,MLP San Diego,2026-07-19,2c68b2b9-b0a7-4ace-9b4e-90ed81b850c7,81535c8c-27d9-452c-a72a-61fc9f755b01,Will Mackinnon,M,M2,22,0.1761,0.5586,0.1761,singles
519868c1-a900-4db4-b123-0a49acd49c34,St. Louis Shock,1,Edward Jones Mid-Season Tournament,2026-07-12,c81177b9-5e43-4eed-a7a9-0a537be09ff0,3af01041-5679-400a-87b8-12c01db8cec4,Kate Fahey,F,F1,340,1.8039,1.0808,1.8039,singles
519868c1-a900-4db4-b123-0a49acd49c34,St. Louis Shock,1,Edward Jones Mid-Season Tournament,2026-07-12,c81177b9-5e43-4eed-a7a9-0a537be09ff0,db5eef5c-99dd-49d9-bbfc-65171a366bda,Anna Bright,F,F2,31,1.4875,1.3267,1.4875,singles
519868c1-a900-4db4-b123-0a49acd49c34,St. Louis Shock,1,Edward Jones Mid-Season Tournament,2026-07-12,c81177b9-5e43-4eed-a7a9-0a537be09ff0,fc05556e-3e38-4a38-99c2-f855174a7c28,Hayden Patriquin,M,M1,63,1.2411,1.0803,1.2411,singles
519868c1-a900-4db4-b123-0a49acd49c34,St. Louis Shock,1,Edward Jones Mid-Season Tournament,2026-07-12,c81177b9-5e43-4eed-a7a9-0a537be09ff0,d50310a6-9378-4228-823f-7fb54f7bd698,Gabriel Tardio,M,M2,128,1.2152,1.0708,1.2152,singles
f9ffc495-1981-46e8-a6bf-c2f7a9ae9fc9,Team Australia,0,Edward Jones Mid-Season Tournament,2026-07-10,7987df7a-ffa8-40a2-8d9d-9246c623e465,bce96858-ab10-4ff3-9692-d32eab2a5b3b,Talia Saunders,F,F1,4,0.2566,0.4824,0.4799,imputed
f9ffc495-1981-46e8-a6bf-c2f7a9ae9fc9,Team Australia,0,Edward Jones Mid-Season Tournament,2026-07-10,7987df7a-ffa8-40a2-8d9d-9246c623e465,6cbf25ef-655b-4883-91dc-cba9256545a7,Sarah Burr,F,F2,8,0.1582,0.3602,0.3406,imputed
f9ffc495-1981-46e8-a6bf-c2f7a9ae9fc9,Team Australia,0,Edward Jones Mid-Season Tournament,2026-07-10,7987df7a-ffa8-40a2-8d9d-9246c623e465,acf4ae69-cc7f-4a30-a613-c8ca0b80e11c,Zachary Grabovic,M,M1,28,0.9200,0.3296,0.9200,singles
f9ffc495-1981-46e8-a6bf-c2f7a9ae9fc9,Team Australia,0,Edward Jones Mid-Season Tournament,2026-07-10,7987df7a-ffa8-40a2-8d9d-9246c623e465,9e2a5ee1-cdc9-4635-a15a-540ee99192b7,Mitchell Hargreaves,M,M2,48,0.7941,0.3284,0.7941,singles
3a93eba1-5623-4d00-b81b-4911a6942e03,Team Canada,0,Edward Jones Mid-Season Tournament,2026-07-09,77d62a2f-f3a1-46be-9f01-69d7c7ec866f,da841352-6147-45c7-8995-9cc94ff23c7a,Rosie Johanson,F,F1,0,,0.1896,0.1461,imputed
3a93eba1-5623-4d00-b81b-4911a6942e03,Team Canada,0,Edward Jones Mid-Season Tournament,2026-07-09,77d62a2f-f3a1-46be-9f01-69d7c7ec866f,f1c17e16-3c6a-43d6-887a-f307897e3bea,Kim Layton,F,F2,0,,-0.0155,-0.0877,imputed
3a93eba1-5623-4d00-b81b-4911a6942e03,Team Canada,0,Edward Jones Mid-Season Tournament,2026-07-09,77d62a2f-f3a1-46be-9f01-69d7c7ec866f,c84377c6-b0ca-42dd-bc1a-2fd3d3c4ef9f,Ryan Torresin,M,M1,5,0.3755,0.5831,0.5947,imputed
3a93eba1-5623-4d00-b81b-4911a6942e03,Team Canada,0,Edward Jones Mid-Season Tournament,2026-07-09,77d62a2f-f3a1-46be-9f01-69d7c7ec866f,6f3be491-e947-48e5-8ae0-cca7a5347bcb,Kyle Hermetz,M,M2,0,,-0.0396,-0.1151,imputed
1975c3fd-c1b0-4ecc-b1cf-91f8d1f946a7,Team Europe,0,Edward Jones Mid-Season Tournament,2026-07-09,43e8a929-4585-4e09-84bf-69ffe4acf893,01f8bc01-6aa9-45e3-95f2-ba4250adca73,Raquel Amaro,F,F1,7,-0.0200,-0.2481,-0.3528,imputed
1975c3fd-c1b0-4ecc-b1cf-91f8d1f946a7,Team Europe,0,Edward Jones Mid-Season Tournament,2026-07-09,43e8a929-4585-4e09-84bf-69ffe4acf893,d42cfe32-b34c-41aa-b76f-10d2fb5a7f35,Karolina Owczarek,F,F2,0,,-0.2726,-0.3808,imputed
1975c3fd-c1b0-4ecc-b1cf-91f8d1f946a7,Team Europe,0,Edward Jones Mid-Season Tournament,2026-07-09,43e8a929-4585-4e09-84bf-69ffe4acf893,53008558-000d-4162-8a34-9348d3f5322a,Jhonnatan Medina Alvarez,M,M1,111,1.2299,0.2713,1.2299,singles
1975c3fd-c1b0-4ecc-b1cf-91f8d1f946a7,Team Europe,0,Edward Jones Mid-Season Tournament,2026-07-09,43e8a929-4585-4e09-84bf-69ffe4acf893,61e23289-16de-4649-bac7-ae5419006e00,Pep Canyadell Fabregas,M,M2,0,,-0.0636,-0.1425,imputed
db0e1408-288d-4046-b6e0-9b6b279ea8cb,Texas Ranchers,1,Edward Jones Mid-Season Tournament,2026-07-12,00f0a598-8cd9-4808-aa6d-f58b1fcab8cc,7319013d-d511-4aa5-a356-4aa2cccf94f5,Lea Jansen,F,F1,408,1.5072,0.7014,1.5072,singles
db0e1408-288d-4046-b6e0-9b6b279ea8cb,Texas Ranchers,1,Edward Jones Mid-Season Tournament,2026-07-12,00f0a598-8cd9-4808-aa6d-f58b1fcab8cc,66a6c35b-33a2-4a23-b5db-fa53c96d643a,Kaitlyn Christian,F,F2,474,1.4654,0.6287,1.4654,singles
db0e1408-288d-4046-b6e0-9b6b279ea8cb,Texas Ranchers,1,Edward Jones Mid-Season Tournament,2026-07-12,00f0a598-8cd9-4808-aa6d-f58b1fcab8cc,52690a0c-ed4a-4e0b-bf69-4ef416cf7d55,Eric Oncins,M,M1,109,1.2608,0.9479,1.2608,singles
db0e1408-288d-4046-b6e0-9b6b279ea8cb,Texas Ranchers,1,Edward Jones Mid-Season Tournament,2026-07-12,00f0a598-8cd9-4808-aa6d-f58b1fcab8cc,a000a067-1bf1-442f-a961-e6c97cb50006,Nicolas Acevedo,M,M2,2,0.3078,0.8422,0.8901,imputed
a0ed0856-558a-42ee-929a-ba8e8f972bb3,Utah Black Diamonds,1,MLP San Diego,2026-07-18,10c103d9-30bd-4a77-bca0-12f0430b2746,608756f6-bfc7-41b5-9cfd-5e69eacfe513,Victoria Dimuzio,F,F1,89,0.9931,0.4487,0.9931,singles
a0ed0856-558a-42ee-929a-ba8e8f972bb3,Utah Black Diamonds,1,MLP San Diego,2026-07-18,10c103d9-30bd-4a77-bca0-12f0430b2746,676b1cbc-766c-4616-bf39-1787ffd8c72a,Etta Tuionetoa,F,F2,0,,0.8619,0.9126,imputed
a0ed0856-558a-42ee-929a-ba8e8f972bb3,Utah Black Diamonds,1,MLP San Diego,2026-07-18,10c103d9-30bd-4a77-bca0-12f0430b2746,ff38654d-daae-4bad-a1a7-690e4e5706eb,Connor Garnett,M,M1,432,1.5842,0.8096,1.5842,singles
a0ed0856-558a-42ee-929a-ba8e8f972bb3,Utah Black Diamonds,1,MLP San Diego,2026-07-18,10c103d9-30bd-4a77-bca0-12f0430b2746,ce4f0e14-80ea-4ed0-a81c-7341d356d427,Yuta Funemizu,M,M2,98,0.7656,0.7681,0.7656,singles
