context,date,event_id,event_name,game,match_id,reason,stage,tour
womens,2026-07-12,7c8e927f-13f3-4073-8871-4aaeb68d511b,Edward Jones Mid-Season Tournament,,f310d335-41e7-4df9-98bc-d180a0dd0fb8,match not completed (status=1),Round 4 L1,MLP
mens,2026-07-12,7c8e927f-13f3-4073-8871-4aaeb68d511b,Edward Jones Mid-Season Tournament,,da5b87dc-4bab-49e8-a8e8-5da17a587e2d,match not completed (status=1),Round 4 L1,MLP
mixed,2026-07-12,7c8e927f-13f3-4073-8871-4aaeb68d511b,Edward Jones Mid-Season Tournament,,f7cef37d-41be-4dcf-b99a-5f8e260e270c,match not completed (status=1),Round 4 L1,MLP
mixed,2026-07-12,7c8e927f-13f3-4073-8871-4aaeb68d511b,Edward Jones Mid-Season Tournament,,ad41a907-6d86-45ea-9298-08e302bcca10,match not completed (status=1),Round 4 L1,MLP
mixed,2026-07-09,7c8e927f-13f3-4073-8871-4aaeb68d511b,Edward Jones Mid-Season Tournament,,3848f0b3-4865-49b5-8872-a492b3a476e8,no played games (forfeit/walkover),Round 16 W,MLP
,2026-06-11,9df489ec-31ac-4bd8-9df7-4fe508439d71,MLP Austin,,0586df70-baec-4c2d-828d-5ccb1ec4434f,bye matchup (no opponent),,MLP
,2026-05-22,940a7fb0-6fd9-4747-93c5-b7f8f46b1e5e,MLP Dallas,,0a1110ff-4c7c-46e5-b8d2-06fd36aac321,bye matchup (no opponent),,MLP
,2026-05-22,940a7fb0-6fd9-4747-93c5-b7f8f46b1e5e,MLP Dallas,,0cb0af37-62ec-4044-b016-4edac6b89bfb,bye matchup (no opponent),,MLP
,2026-05-28,5e469584-e821-4b40-bccd-3b1fa54a2e05,MLP Columbus,,119b8e93-d7c5-42a9-8a4e-75dda5887f5a,bye matchup (no opponent),,MLP
,2026-06-11,9df489ec-31ac-4bd8-9df7-4fe508439d71,MLP Austin,,128cf0e7-f95f-411c-9a4b-c8b309755054,bye matchup (no opponent),,MLP
,2026-06-17,fdea9cee-bdd5-4cff-9c9f-1e2050c1c05f,MLP St. Petersburg,,13961c84-2ebc-4907-b64b-1f169e207c4f,bye matchup (no opponent),,MLP
,2026-06-17,fdea9cee-bdd5-4cff-9c9f-1e2050c1c05f,MLP St. Petersburg,,257ae627-bfcb-4b1a-9254-6031a59e707e,bye matchup (no opponent),,MLP
,2026-06-11,9df489ec-31ac-4bd8-9df7-4fe508439d71,MLP Austin,,28a4ca80-f1d1-4d7b-b537-a182a4e8a623,bye matchup (no opponent),,MLP
,2026-06-11,9df489ec-31ac-4bd8-9df7-4fe508439d71,MLP Austin,,29b11fc6-0a6a-46aa-b501-6a2ae3f8a16a,bye matchup (no opponent),,MLP
mixed,2026-06-28,39695d6b-c680-4ee8-82a0-51e03901f6f5,MLP New York,,0be4d9da-3aaa-4c76-9284-15f7e2b77bda,no played games (forfeit/walkover),Round 1 RR,MLP
mixed,2026-05-31,5e469584-e821-4b40-bccd-3b1fa54a2e05,MLP Columbus,,2960fddd-778d-4124-8fec-f19d58b80a54,no played games (forfeit/walkover),One and Done - Playoff W,MLP
,2026-05-22,940a7fb0-6fd9-4747-93c5-b7f8f46b1e5e,MLP Dallas,,38ccb419-ab51-438c-a15e-1bc6b2928c76,bye matchup (no opponent),,MLP
,2026-06-25,39695d6b-c680-4ee8-82a0-51e03901f6f5,MLP New York,,3ad90512-1138-48e2-b7c2-5c0e0af22b69,bye matchup (no opponent),,MLP
,2026-06-25,39695d6b-c680-4ee8-82a0-51e03901f6f5,MLP New York,,3aebdae7-a874-461e-a713-a9b5d7f1a9de,bye matchup (no opponent),,MLP
mixed,2026-07-08,7c8e927f-13f3-4073-8871-4aaeb68d511b,Edward Jones Mid-Season Tournament,,e03489cd-d506-42d6-9266-83032d328c5f,no played games (forfeit/walkover),Round 32 W,MLP
,2026-05-28,5e469584-e821-4b40-bccd-3b1fa54a2e05,MLP Columbus,,3bc000d9-458c-455e-a81e-7864249f9a5f,bye matchup (no opponent),,MLP
mixed,2026-07-11,7c8e927f-13f3-4073-8871-4aaeb68d511b,Edward Jones Mid-Season Tournament,,6d757f70-2ed2-4e26-b7f7-f92271dbc3c9,no played games (forfeit/walkover),Quarter Finals W,MLP
womens,2026-07-12,7c8e927f-13f3-4073-8871-4aaeb68d511b,Edward Jones Mid-Season Tournament,,a8dc2a82-acd4-4484-924b-adf0f4fc606b,match not completed (status=1),Round 5 L1,MLP
mens,2026-07-12,7c8e927f-13f3-4073-8871-4aaeb68d511b,Edward Jones Mid-Season Tournament,,6243f123-f94c-4746-baee-c20a109de0d5,match not completed (status=1),Round 5 L1,MLP
mixed,2026-07-12,7c8e927f-13f3-4073-8871-4aaeb68d511b,Edward Jones Mid-Season Tournament,,2f946038-6332-404c-a9e9-f5e13a479a5d,match not completed (status=1),Round 5 L1,MLP
mixed,2026-07-12,7c8e927f-13f3-4073-8871-4aaeb68d511b,Edward Jones Mid-Season Tournament,,692d1256-6fc5-4160-8ca9-54b56a070ef2,match not completed (status=1),Round 5 L1,MLP
mixed,2026-07-09,7c8e927f-13f3-4073-8871-4aaeb68d511b,Edward Jones Mid-Season Tournament,,9de36581-9ee4-4eb7-8d31-fecd779048ee,no played games (forfeit/walkover),Round 1 L1,MLP
,2026-06-04,24053d7f-1e91-454a-8e57-e13c51fc32ac,MLP St. Louis,,46026cf4-1f2a-4a1d-b202-2b74b3adcc07,bye matchup (no opponent),,MLP
mixed,2026-07-09,7c8e927f-13f3-4073-8871-4aaeb68d511b,Edward Jones Mid-Season Tournament,,3a435232-0fa9-43c6-b819-2ed4b1da30d0,no played games (forfeit/walkover),Round 16 W,MLP
mixed,2026-06-21,fdea9cee-bdd5-4cff-9c9f-1e2050c1c05f,MLP St. Petersburg,,247627f1-1a20-4769-a0b6-0fc4661e2527,no played games (forfeit/walkover),One and Done - Playoff W,MLP
mixed,2026-06-27,39695d6b-c680-4ee8-82a0-51e03901f6f5,MLP New York,,3dce15a4-5a14-4d73-8373-16c54943f390,no played games (forfeit/walkover),Round 4 RR,MLP
,2026-06-04,24053d7f-1e91-454a-8e57-e13c51fc32ac,MLP St. Louis,,5c118161-8f28-43ff-bf1c-8d810716076c,bye matchup (no opponent),,MLP
mixed,2026-07-11,7c8e927f-13f3-4073-8871-4aaeb68d511b,Edward Jones Mid-Season Tournament,,68e91f01-a742-4ee3-b2d8-5f1b2c8b04f8,no played games (forfeit/walkover),Round 3 L1,MLP
mixed,2026-06-21,fdea9cee-bdd5-4cff-9c9f-1e2050c1c05f,MLP St. Petersburg,,2d54642a-b60b-4267-9c79-72507937785e,no played games (forfeit/walkover),One and Done - Playoff W,MLP
,2026-06-04,24053d7f-1e91-454a-8e57-e13c51fc32ac,MLP St. Louis,,6f68c1b7-469f-4f14-923d-f5f37c4d7c14,bye matchup (no opponent),,MLP
mixed,2026-07-10,7c8e927f-13f3-4073-8871-4aaeb68d511b,Edward Jones Mid-Season Tournament,,88618853-9957-45b3-b48b-15b83413c582,no played games (forfeit/walkover),Round 16 W,MLP
mixed,2026-07-10,7c8e927f-13f3-4073-8871-4aaeb68d511b,Edward Jones Mid-Season Tournament,,a62fdfa8-2075-47d6-9518-45e190093f9a,no played games (forfeit/walkover),Round 1 L1,MLP
mixed,2026-07-10,7c8e927f-13f3-4073-8871-4aaeb68d511b,Edward Jones Mid-Season Tournament,,d1300b1b-e2b2-4022-86bc-07acc70db02f,no played games (forfeit/walkover),Round 1 L1,MLP
,2026-06-25,39695d6b-c680-4ee8-82a0-51e03901f6f5,MLP New York,,8d4d62bf-f156-4cb0-926f-4bf56e5e7e9a,bye matchup (no opponent),,MLP
,2026-06-17,fdea9cee-bdd5-4cff-9c9f-1e2050c1c05f,MLP St. Petersburg,,8db81016-9f54-485a-818e-9e07dd7c63ca,bye matchup (no opponent),,MLP
,2026-05-28,5e469584-e821-4b40-bccd-3b1fa54a2e05,MLP Columbus,,8f9f914f-c867-49ad-a2bf-a2d628b24a8e,bye matchup (no opponent),,MLP
,2026-05-28,5e469584-e821-4b40-bccd-3b1fa54a2e05,MLP Columbus,,9160ba6b-ab34-4685-b731-6d075565d733,bye matchup (no opponent),,MLP
mixed,2026-06-14,9df489ec-31ac-4bd8-9df7-4fe508439d71,MLP Austin,,642c796e-1c23-4301-a3ee-de44b26cfe96,no played games (forfeit/walkover),One and Done - Playoff W,MLP
,2026-05-22,940a7fb0-6fd9-4747-93c5-b7f8f46b1e5e,MLP Dallas,,98e29ae0-5b5e-45f7-8645-79887b5e852a,bye matchup (no opponent),,MLP
,2026-06-04,24053d7f-1e91-454a-8e57-e13c51fc32ac,MLP St. Louis,,9b7a7a14-925b-49b4-9000-f888d13a3ffc,bye matchup (no opponent),,MLP
womens,2026-07-09,7c8e927f-13f3-4073-8871-4aaeb68d511b,Edward Jones Mid-Season Tournament,,7efe48ea-1b9a-4880-a0f3-3f380a069c8b,match not completed (status=1),Round 6 B,MLP
mens,2026-07-09,7c8e927f-13f3-4073-8871-4aaeb68d511b,Edward Jones Mid-Season Tournament,,d8a8316e-f465-49ec-be58-abfa61b220e6,match not completed (status=1),Round 6 B,MLP
mixed,2026-07-09,7c8e927f-13f3-4073-8871-4aaeb68d511b,Edward Jones Mid-Season Tournament,,9c5c0d94-b0c2-49b4-bdec-3ef382b9eb26,match not completed (status=1),Round 6 B,MLP
mixed,2026-07-09,7c8e927f-13f3-4073-8871-4aaeb68d511b,Edward Jones Mid-Season Tournament,,9c3cae9f-2339-406a-8c8a-e7ff1905b417,match not completed (status=1),Round 6 B,MLP
mixed,2026-07-08,7c8e927f-13f3-4073-8871-4aaeb68d511b,Edward Jones Mid-Season Tournament,,120a4fb8-afed-47af-a93a-d8d8be33e81d,no played games (forfeit/walkover),Round 32 W,MLP
mixed,2026-07-09,7c8e927f-13f3-4073-8871-4aaeb68d511b,Edward Jones Mid-Season Tournament,,cec4612d-a7f7-4b40-b99c-de7b552f1d1f,no played games (forfeit/walkover),Round 16 W,MLP
,2026-05-22,940a7fb0-6fd9-4747-93c5-b7f8f46b1e5e,MLP Dallas,,a6dc6047-934d-40dd-8fe8-eaf9ebe2032c,bye matchup (no opponent),,MLP
mixed,2026-07-08,7c8e927f-13f3-4073-8871-4aaeb68d511b,Edward Jones Mid-Season Tournament,,c41d7109-b2bb-4068-af79-c3e5b19ae27d,no played games (forfeit/walkover),Round 32 W,MLP
,2026-06-17,fdea9cee-bdd5-4cff-9c9f-1e2050c1c05f,MLP St. Petersburg,,ae8dfa74-863c-4d2e-8aa2-505b567b00b7,bye matchup (no opponent),,MLP
mixed,2026-07-10,7c8e927f-13f3-4073-8871-4aaeb68d511b,Edward Jones Mid-Season Tournament,,f9bfc3da-fcc5-473b-9357-7274f402283c,no played games (forfeit/walkover),Round 1 L1,MLP
,2026-06-04,24053d7f-1e91-454a-8e57-e13c51fc32ac,MLP St. Louis,,b907834f-abcc-4529-bf6c-3b85f9f30f95,bye matchup (no opponent),,MLP
mixed,2026-07-08,7c8e927f-13f3-4073-8871-4aaeb68d511b,Edward Jones Mid-Season Tournament,,893eef83-8b41-4619-9300-f5fcd6178aed,no played games (forfeit/walkover),Round 32 W,MLP
womens,2026-07-12,7c8e927f-13f3-4073-8871-4aaeb68d511b,Edward Jones Mid-Season Tournament,,6548e1ac-4d54-47b9-a336-dc2716988388,match not completed (status=1),Finals GS,MLP
mens,2026-07-12,7c8e927f-13f3-4073-8871-4aaeb68d511b,Edward Jones Mid-Season Tournament,,3df7a7b7-046e-474b-ae4e-8a1b4491dcc7,match not completed (status=1),Finals GS,MLP
mixed,2026-07-12,7c8e927f-13f3-4073-8871-4aaeb68d511b,Edward Jones Mid-Season Tournament,,b5442e2c-962f-4358-8c40-af10ff23be2f,match not completed (status=1),Finals GS,MLP
mixed,2026-07-12,7c8e927f-13f3-4073-8871-4aaeb68d511b,Edward Jones Mid-Season Tournament,,8f20ec62-88c8-4355-b5f8-a629b586fb32,match not completed (status=1),Finals GS,MLP
,2026-06-25,39695d6b-c680-4ee8-82a0-51e03901f6f5,MLP New York,,c9c2086a-4d4c-4c23-9d0a-c134120873ca,bye matchup (no opponent),,MLP
,2026-06-25,39695d6b-c680-4ee8-82a0-51e03901f6f5,MLP New York,,d1b9e57c-3acd-4767-a1af-669bab809a80,bye matchup (no opponent),,MLP
mixed,2026-05-31,5e469584-e821-4b40-bccd-3b1fa54a2e05,MLP Columbus,,cbc8a702-8f4e-4277-a028-0da169a139d4,no played games (forfeit/walkover),One and Done - Playoff W,MLP
mixed,2026-07-11,7c8e927f-13f3-4073-8871-4aaeb68d511b,Edward Jones Mid-Season Tournament,,8a424030-19c9-4c40-9e15-4526e42464ea,no played games (forfeit/walkover),Quarter Finals W,MLP
mixed,2026-06-07,24053d7f-1e91-454a-8e57-e13c51fc32ac,MLP St. Louis,,f240559c-a128-46fb-aa1e-52f6c854d899,no played games (forfeit/walkover),One and Done - Playoff W,MLP
,2026-06-11,9df489ec-31ac-4bd8-9df7-4fe508439d71,MLP Austin,,d93a9d7d-bfbc-46da-93d2-49c4f3ba7ffa,bye matchup (no opponent),,MLP
mixed,2026-06-07,24053d7f-1e91-454a-8e57-e13c51fc32ac,MLP St. Louis,,c92b7e56-e444-46cc-81f5-174984467d6d,no played games (forfeit/walkover),One and Done - Playoff W,MLP
womens,2026-07-12,7c8e927f-13f3-4073-8871-4aaeb68d511b,Edward Jones Mid-Season Tournament,,e28b7f01-9fbc-412f-86fb-871506c9faad,match not completed (status=1),Round 5 L1,MLP
mens,2026-07-12,7c8e927f-13f3-4073-8871-4aaeb68d511b,Edward Jones Mid-Season Tournament,,75bb4db9-73cf-4609-8fa3-aa8b289398b2,match not completed (status=1),Round 5 L1,MLP
mixed,2026-07-12,7c8e927f-13f3-4073-8871-4aaeb68d511b,Edward Jones Mid-Season Tournament,,a60b1c37-daf4-4ce9-9722-f2bb5a2952fc,match not completed (status=1),Round 5 L1,MLP
mixed,2026-07-12,7c8e927f-13f3-4073-8871-4aaeb68d511b,Edward Jones Mid-Season Tournament,,e6e8d19d-a63b-47f9-ad79-66674c570609,match not completed (status=1),Round 5 L1,MLP
mixed,2026-06-28,39695d6b-c680-4ee8-82a0-51e03901f6f5,MLP New York,,384df07d-d40c-4deb-b4ad-51d12c50e065,no played games (forfeit/walkover),One and Done - Playoff W,MLP
mixed,2026-05-25,940a7fb0-6fd9-4747-93c5-b7f8f46b1e5e,MLP Dallas,,d8ff2987-f9e2-4fb9-9390-760bed028b14,no played games (forfeit/walkover),One and Done - Playoff W,MLP
,2026-06-17,fdea9cee-bdd5-4cff-9c9f-1e2050c1c05f,MLP St. Petersburg,,f58ffb74-8356-449b-a741-aba343653c1a,bye matchup (no opponent),,MLP
womens,2026-07-12,7c8e927f-13f3-4073-8871-4aaeb68d511b,Edward Jones Mid-Season Tournament,,03460950-6966-4bd6-950e-1608e1262f25,match not completed (status=1),Round 4 L1,MLP
mens,2026-07-12,7c8e927f-13f3-4073-8871-4aaeb68d511b,Edward Jones Mid-Season Tournament,,51ac65ff-a94c-4535-829b-1b900711fda2,match not completed (status=1),Round 4 L1,MLP
mixed,2026-07-12,7c8e927f-13f3-4073-8871-4aaeb68d511b,Edward Jones Mid-Season Tournament,,e6876ca5-7f45-4411-aad0-6f2a3960b2fa,match not completed (status=1),Round 4 L1,MLP
mixed,2026-07-12,7c8e927f-13f3-4073-8871-4aaeb68d511b,Edward Jones Mid-Season Tournament,,b521fabb-6637-46cd-9e4d-997bd691f223,match not completed (status=1),Round 4 L1,MLP
mixed,2026-06-27,39695d6b-c680-4ee8-82a0-51e03901f6f5,MLP New York,,d79606a6-0c93-4bcb-9bdf-c1bd704ff190,no played games (forfeit/walkover),Round 5 RR,MLP
,2026-05-28,5e469584-e821-4b40-bccd-3b1fa54a2e05,MLP Columbus,,fd7672a6-e2fa-464d-a105-2ebfe7aa64a9,bye matchup (no opponent),,MLP
mixed,2026-04-13,239b912c-544e-4175-8730-0e0ddca8790e,PPA Tour: 2026 Sacramento Open,,64ae786d-587f-4690-8b36-d56e9eac1123,no played games (forfeit/walkover),Qualifier — Quarter Finals,PPA
mixed,2026-04-13,239b912c-544e-4175-8730-0e0ddca8790e,PPA Tour: 2026 Sacramento Open,,c841f90b-b5be-4b1f-aeec-608343878b9a,no played games (forfeit/walkover),Qualifier — Quarter Finals,PPA
mixed,2026-04-13,239b912c-544e-4175-8730-0e0ddca8790e,PPA Tour: 2026 Sacramento Open,,452720f7-fe16-480a-8be7-7e63b78f7abc,no played games (forfeit/walkover),Qualifier — Quarter Finals,PPA
mixed,2026-04-13,239b912c-544e-4175-8730-0e0ddca8790e,PPA Tour: 2026 Sacramento Open,,8bbcef15-bf25-479c-a740-9fad81ae5c7d,no played games (forfeit/walkover),Qualifier — Quarter Finals,PPA
mens,2026-04-13,239b912c-544e-4175-8730-0e0ddca8790e,PPA Tour: 2026 Sacramento Open,,a438eff9-ce86-43d9-bd17-0df1c41832d1,no played games (forfeit/walkover),Qualifier — Quarter Finals,PPA
mens,2026-04-13,239b912c-544e-4175-8730-0e0ddca8790e,PPA Tour: 2026 Sacramento Open,,a3aeb80a-c46b-46f0-8d8f-866a22aed163,no played games (forfeit/walkover),Qualifier — Quarter Finals,PPA
mens,2026-04-13,239b912c-544e-4175-8730-0e0ddca8790e,PPA Tour: 2026 Sacramento Open,,b9a438a6-043c-4f3b-9686-3611336d6035,no played games (forfeit/walkover),Qualifier — Quarter Finals,PPA
mens,2026-04-13,239b912c-544e-4175-8730-0e0ddca8790e,PPA Tour: 2026 Sacramento Open,,95b45eb9-0a72-4ded-9d46-c16432e4b519,no played games (forfeit/walkover),Qualifier — Quarter Finals,PPA
womens,2026-04-13,239b912c-544e-4175-8730-0e0ddca8790e,PPA Tour: 2026 Sacramento Open,,563f1a5c-cea3-4418-9c74-c316eb004e24,no played games (forfeit/walkover),Qualifier — Semi-Finals,PPA
womens,2026-04-13,239b912c-544e-4175-8730-0e0ddca8790e,PPA Tour: 2026 Sacramento Open,,2e9b69d8-2803-4b00-aee5-19017e282cd6,no played games (forfeit/walkover),Qualifier — Semi-Finals,PPA
womens,2026-04-17,239b912c-544e-4175-8730-0e0ddca8790e,PPA Tour: 2026 Sacramento Open,,fc32f379-939f-405b-ad7f-b01db39f4912,no played games (forfeit/walkover),Quarter Finals,PPA
womens,2026-04-19,239b912c-544e-4175-8730-0e0ddca8790e,PPA Tour: 2026 Sacramento Open,,b53896c8-7fc8-4a11-bcf7-0a212ec771ef,no played games (forfeit/walkover),Bronze,PPA
mens,2026-05-30,2a17a5d5-80bd-4540-8f04-499f9439cac2,2026 Fracas in Fort Collins PPA Challenger,,ff67d98b-1a45-4eee-8bbe-622cdba7eda7,"bracket bye/shell (empty side, no scores)",,PPA
womens,2026-05-30,2a17a5d5-80bd-4540-8f04-499f9439cac2,2026 Fracas in Fort Collins PPA Challenger,,5481b156-2df4-40c0-9335-33e5f19c405c,"bracket bye/shell (empty side, no scores)",,PPA
mixed,2026-05-31,2a17a5d5-80bd-4540-8f04-499f9439cac2,2026 Fracas in Fort Collins PPA Challenger,,073346ef-b652-4133-ba62-b2b0a0f9e836,no played games (forfeit/walkover),,PPA
mixed,2026-05-31,2a17a5d5-80bd-4540-8f04-499f9439cac2,2026 Fracas in Fort Collins PPA Challenger,,85be58fa-a842-4a69-ab47-332eac09f827,no played games (forfeit/walkover),,PPA
mixed,2026-05-31,2a17a5d5-80bd-4540-8f04-499f9439cac2,2026 Fracas in Fort Collins PPA Challenger,,adce84ee-07cd-4e8c-a348-3ba4bac980f9,no played games (forfeit/walkover),Round 32,PPA
mixed,2026-05-31,2a17a5d5-80bd-4540-8f04-499f9439cac2,2026 Fracas in Fort Collins PPA Challenger,,1c915e98-4aa3-4d39-abab-3d9f15892117,"bracket bye/shell (empty side, no scores)",,PPA
mens,2026-06-27,2dd8c673-2aa6-43b2-95bd-b4aa4e278e52,2026 Portland PPA Challenger,,b2b0e91c-2762-4434-bc97-afeabaa6d15e,no played games (forfeit/walkover),,PPA
mens,2026-06-27,2dd8c673-2aa6-43b2-95bd-b4aa4e278e52,2026 Portland PPA Challenger,,6fa4738f-20bd-4e94-aeb5-8c06ed5a6ba6,no played games (forfeit/walkover),,PPA
mens,2026-06-27,2dd8c673-2aa6-43b2-95bd-b4aa4e278e52,2026 Portland PPA Challenger,,70a88152-dc47-4fa4-8800-3caf2453a9bd,no played games (forfeit/walkover),Round 32,PPA
mens,2026-06-27,2dd8c673-2aa6-43b2-95bd-b4aa4e278e52,2026 Portland PPA Challenger,,cdc40432-fa04-40a9-a5a9-ed3bacb8fbd2,"bracket bye/shell (empty side, no scores)",,PPA
womens,2026-06-27,2dd8c673-2aa6-43b2-95bd-b4aa4e278e52,2026 Portland PPA Challenger,,a0ef11ef-f7f5-4ec7-879c-0240f626266c,"bracket bye/shell (empty side, no scores)",,PPA
mixed,2026-06-28,2dd8c673-2aa6-43b2-95bd-b4aa4e278e52,2026 Portland PPA Challenger,,69cf9e93-4214-4d70-8e10-271c34aab10f,no played games (forfeit/walkover),,PPA
mixed,2026-06-28,2dd8c673-2aa6-43b2-95bd-b4aa4e278e52,2026 Portland PPA Challenger,,6a0b21e2-3108-4374-ab88-0ab81623d343,no played games (forfeit/walkover),,PPA
mixed,2026-06-28,2dd8c673-2aa6-43b2-95bd-b4aa4e278e52,2026 Portland PPA Challenger,,1f7a8690-0b83-4ac2-8b2f-4f63656aa2c2,"bracket bye/shell (empty side, no scores)",,PPA
mixed,2026-02-09,4133fecd-bede-49e5-af91-34a31f36fdf4,PPA Tour: 2026 Zimmer Biomet Cape Coral Open,,e9db2f8e-06cd-44b4-9836-f604217c0d66,match not completed (status=1),Qualifier — Quarter Finals,PPA
mixed,2026-02-09,4133fecd-bede-49e5-af91-34a31f36fdf4,PPA Tour: 2026 Zimmer Biomet Cape Coral Open,,bfaf6a9e-55ee-46ba-82eb-90b6b49865a1,match not completed (status=1),Qualifier — Quarter Finals,PPA
mixed,2026-02-09,4133fecd-bede-49e5-af91-34a31f36fdf4,PPA Tour: 2026 Zimmer Biomet Cape Coral Open,,9248b335-553b-410f-9c66-2d7bbd2fff30,match not completed (status=1),Qualifier — Quarter Finals,PPA
mixed,2026-02-09,4133fecd-bede-49e5-af91-34a31f36fdf4,PPA Tour: 2026 Zimmer Biomet Cape Coral Open,,6d2d1e40-0926-489e-85bc-da25bcbb7aa9,match not completed (status=1),Qualifier — Quarter Finals,PPA
mens,2026-02-09,4133fecd-bede-49e5-af91-34a31f36fdf4,PPA Tour: 2026 Zimmer Biomet Cape Coral Open,,c911ff61-5fbb-467e-8a83-dc1f24810b32,match not completed (status=1),Qualifier — Quarter Finals,PPA
mens,2026-02-09,4133fecd-bede-49e5-af91-34a31f36fdf4,PPA Tour: 2026 Zimmer Biomet Cape Coral Open,,bff515f0-4689-4231-add7-4406853b2d05,match not completed (status=1),Qualifier — Quarter Finals,PPA
mens,2026-02-09,4133fecd-bede-49e5-af91-34a31f36fdf4,PPA Tour: 2026 Zimmer Biomet Cape Coral Open,,ae28ac76-b4f4-451e-b1f4-e372acb3f710,match not completed (status=1),Qualifier — Quarter Finals,PPA
mens,2026-02-09,4133fecd-bede-49e5-af91-34a31f36fdf4,PPA Tour: 2026 Zimmer Biomet Cape Coral Open,,ab685907-e4c5-4382-b158-f667510c1941,match not completed (status=1),Qualifier — Quarter Finals,PPA
womens,2026-02-09,4133fecd-bede-49e5-af91-34a31f36fdf4,PPA Tour: 2026 Zimmer Biomet Cape Coral Open,,ab6de1c6-6cf5-4d27-807b-0d2d0c89fb7e,match not completed (status=1),Qualifier — Semi-Finals,PPA
womens,2026-02-09,4133fecd-bede-49e5-af91-34a31f36fdf4,PPA Tour: 2026 Zimmer Biomet Cape Coral Open,,f52d7d4d-5944-449c-9ff0-e00bc46a255f,match not completed (status=1),Qualifier — Semi-Finals,PPA
womens,2026-02-10,4133fecd-bede-49e5-af91-34a31f36fdf4,PPA Tour: 2026 Zimmer Biomet Cape Coral Open,,900588b2-62f8-417b-9035-4cb81449e0dd,no played games (forfeit/walkover),Round 64,PPA
mixed,2026-02-12,4133fecd-bede-49e5-af91-34a31f36fdf4,PPA Tour: 2026 Zimmer Biomet Cape Coral Open,,e3b0aa61-1745-4c01-96ad-487b43fcc253,no played games (forfeit/walkover),Round 16,PPA
mens,2026-02-21,46723c67-4fcc-4cd0-91cb-3f0ab0b19cef,2026 Houston PPA Challenger,,9cbe2cdb-824d-4164-ac98-37862ce831a6,no played games (forfeit/walkover),,PPA
mens,2026-02-21,46723c67-4fcc-4cd0-91cb-3f0ab0b19cef,2026 Houston PPA Challenger,,841a98dd-cbe3-4f50-be2f-6c99868f600b,no played games (forfeit/walkover),,PPA
mens,2026-02-21,46723c67-4fcc-4cd0-91cb-3f0ab0b19cef,2026 Houston PPA Challenger,,101e4eee-b476-4a27-8100-3be73d4e6bf7,no played games (forfeit/walkover),,PPA
womens,2026-02-21,46723c67-4fcc-4cd0-91cb-3f0ab0b19cef,2026 Houston PPA Challenger,,a7426064-5e22-4ec7-8873-368c2532ed65,no played games (forfeit/walkover),,PPA
womens,2026-02-21,46723c67-4fcc-4cd0-91cb-3f0ab0b19cef,2026 Houston PPA Challenger,,a4f76517-5c1f-442c-8e6b-727ed6e1b423,no played games (forfeit/walkover),,PPA
womens,2026-02-21,46723c67-4fcc-4cd0-91cb-3f0ab0b19cef,2026 Houston PPA Challenger,,5284affd-b7a7-4cf1-a507-9a1503cedf14,no played games (forfeit/walkover),Round 32,PPA
womens,2026-02-21,46723c67-4fcc-4cd0-91cb-3f0ab0b19cef,2026 Houston PPA Challenger,,9de1db69-2092-428b-b811-1f00dab712ea,no played games (forfeit/walkover),,PPA
womens,2026-02-21,46723c67-4fcc-4cd0-91cb-3f0ab0b19cef,2026 Houston PPA Challenger,,71753184-62db-4ff5-a80d-40db64fe15ba,no played games (forfeit/walkover),Round 64,PPA
womens,2026-02-21,46723c67-4fcc-4cd0-91cb-3f0ab0b19cef,2026 Houston PPA Challenger,,6ee1e92f-c377-44a5-85ae-4d94146e6587,no played games (forfeit/walkover),Round 32,PPA
mens,2026-02-21,46723c67-4fcc-4cd0-91cb-3f0ab0b19cef,2026 Houston PPA Challenger,,89cef962-2ef2-428a-9e4a-54c96a3046a4,match not completed (status=1),,PPA
womens,2026-02-21,46723c67-4fcc-4cd0-91cb-3f0ab0b19cef,2026 Houston PPA Challenger,,f189f7a8-c07e-452e-bbff-e0314df89a9a,match not completed (status=1),,PPA
mixed,2026-02-22,46723c67-4fcc-4cd0-91cb-3f0ab0b19cef,2026 Houston PPA Challenger,,4c439d35-d56d-48f0-8620-6742017f80aa,no played games (forfeit/walkover),,PPA
mixed,2026-02-22,46723c67-4fcc-4cd0-91cb-3f0ab0b19cef,2026 Houston PPA Challenger,,9aa1717d-7591-4642-89f3-add6bce2de9f,no played games (forfeit/walkover),,PPA
mixed,2026-02-22,46723c67-4fcc-4cd0-91cb-3f0ab0b19cef,2026 Houston PPA Challenger,,6b40ce30-63da-4465-81bb-b7b719ba07e7,no played games (forfeit/walkover),,PPA
mixed,2026-02-22,46723c67-4fcc-4cd0-91cb-3f0ab0b19cef,2026 Houston PPA Challenger,,752f77f6-d82c-41d9-bb83-ffd3fb06c82c,no played games (forfeit/walkover),,PPA
mixed,2026-02-22,46723c67-4fcc-4cd0-91cb-3f0ab0b19cef,2026 Houston PPA Challenger,,2925613f-b140-4b86-b7a2-d8e7816e5e25,no played games (forfeit/walkover),,PPA
mixed,2026-02-22,46723c67-4fcc-4cd0-91cb-3f0ab0b19cef,2026 Houston PPA Challenger,,27abcbf2-b473-42a8-b841-25cf6ca805d8,match not completed (status=1),,PPA
mixed,2026-03-02,48b7ff7c-01d8-437c-ba94-b37f2f6e02db,PPA Tour: 2026 Newport Beach Open,,78ba0f9b-0004-4107-816f-fa3559b0ee54,match not completed (status=1),Qualifier — Quarter Finals,PPA
mixed,2026-03-02,48b7ff7c-01d8-437c-ba94-b37f2f6e02db,PPA Tour: 2026 Newport Beach Open,,f0a32354-42c9-442f-b9e7-47aca0413020,match not completed (status=1),Qualifier — Quarter Finals,PPA
mixed,2026-03-02,48b7ff7c-01d8-437c-ba94-b37f2f6e02db,PPA Tour: 2026 Newport Beach Open,,00d6f43c-6282-4faf-9487-7b5020bbf215,match not completed (status=1),Qualifier — Quarter Finals,PPA
mixed,2026-03-02,48b7ff7c-01d8-437c-ba94-b37f2f6e02db,PPA Tour: 2026 Newport Beach Open,,4b046708-a695-4b9a-8726-8dd9232504b2,match not completed (status=1),Qualifier — Quarter Finals,PPA
mens,2026-03-02,48b7ff7c-01d8-437c-ba94-b37f2f6e02db,PPA Tour: 2026 Newport Beach Open,,ef2a4fdd-ec85-4be5-ad13-a5cfc5e0847d,match not completed (status=1),Qualifier — Quarter Finals,PPA
mens,2026-03-02,48b7ff7c-01d8-437c-ba94-b37f2f6e02db,PPA Tour: 2026 Newport Beach Open,,a3bcd1f5-eef2-438b-af27-59605eadec6c,match not completed (status=1),Qualifier — Quarter Finals,PPA
mens,2026-03-02,48b7ff7c-01d8-437c-ba94-b37f2f6e02db,PPA Tour: 2026 Newport Beach Open,,9776c0db-73fd-486d-90be-c876e2b4c9dd,match not completed (status=1),Qualifier — Quarter Finals,PPA
mens,2026-03-02,48b7ff7c-01d8-437c-ba94-b37f2f6e02db,PPA Tour: 2026 Newport Beach Open,,645ccebd-bdfd-49d2-b520-9465a0064435,match not completed (status=1),Qualifier — Quarter Finals,PPA
womens,2026-03-02,48b7ff7c-01d8-437c-ba94-b37f2f6e02db,PPA Tour: 2026 Newport Beach Open,,668ee407-2f7a-4e23-89eb-43f03c668451,match not completed (status=1),Qualifier — Semi-Finals,PPA
womens,2026-03-02,48b7ff7c-01d8-437c-ba94-b37f2f6e02db,PPA Tour: 2026 Newport Beach Open,,7a9a1ef9-be80-40e9-be5d-7389c8326299,match not completed (status=1),Qualifier — Semi-Finals,PPA
mixed,2026-03-03,48b7ff7c-01d8-437c-ba94-b37f2f6e02db,PPA Tour: 2026 Newport Beach Open,,302ab26d-4e32-49cf-9822-a60a8eae7658,no played games (forfeit/walkover),Round 128,PPA
mens,2026-01-10,55041931-39e8-4537-84b0-502546dcfaa6,2026 Punta Gorda PPA Challenger,,6f959a3e-d9da-4203-874b-aa7378f76b15,no played games (forfeit/walkover),,PPA
mens,2026-01-10,55041931-39e8-4537-84b0-502546dcfaa6,2026 Punta Gorda PPA Challenger,,4eb7bc51-6b9b-4364-9379-23d721474901,no played games (forfeit/walkover),,PPA
mens,2026-01-10,55041931-39e8-4537-84b0-502546dcfaa6,2026 Punta Gorda PPA Challenger,,aa5206e2-5662-4776-9941-bf3fa66e4395,no played games (forfeit/walkover),,PPA
mens,2026-01-10,55041931-39e8-4537-84b0-502546dcfaa6,2026 Punta Gorda PPA Challenger,,511e3510-e74c-4c98-8e1f-fbb7875d1d8e,no played games (forfeit/walkover),Round 64,PPA
mens,2026-01-10,55041931-39e8-4537-84b0-502546dcfaa6,2026 Punta Gorda PPA Challenger,,e2fa73da-0f22-4065-b1f6-b5443ac6c54b,match not completed (status=1),,PPA
womens,2026-01-10,55041931-39e8-4537-84b0-502546dcfaa6,2026 Punta Gorda PPA Challenger,,08429fd6-e135-4623-8ae7-734c4c48061d,match not completed (status=1),,PPA
mixed,2026-01-11,55041931-39e8-4537-84b0-502546dcfaa6,2026 Punta Gorda PPA Challenger,,26ce39e2-fdbf-48d9-833b-beb3bd078c1a,no played games (forfeit/walkover),,PPA
mixed,2026-01-11,55041931-39e8-4537-84b0-502546dcfaa6,2026 Punta Gorda PPA Challenger,,ee6669a3-cd01-4f06-be1a-fd592ae5f80f,no played games (forfeit/walkover),,PPA
mixed,2026-01-11,55041931-39e8-4537-84b0-502546dcfaa6,2026 Punta Gorda PPA Challenger,,9ae847d6-8380-421b-9638-41f040e10fa0,no played games (forfeit/walkover),,PPA
mixed,2026-01-11,55041931-39e8-4537-84b0-502546dcfaa6,2026 Punta Gorda PPA Challenger,,c067c6ca-334a-434d-8343-600717d11cfe,no played games (forfeit/walkover),,PPA
mixed,2026-01-11,55041931-39e8-4537-84b0-502546dcfaa6,2026 Punta Gorda PPA Challenger,,3145b519-5914-4767-9092-6c9e862cc7cf,no played games (forfeit/walkover),,PPA
mixed,2026-01-11,55041931-39e8-4537-84b0-502546dcfaa6,2026 Punta Gorda PPA Challenger,,3c4b6a5f-120b-4cb5-b773-2fab3ae427bc,no played games (forfeit/walkover),,PPA
mixed,2026-01-11,55041931-39e8-4537-84b0-502546dcfaa6,2026 Punta Gorda PPA Challenger,,1d369539-c6b3-498c-9975-ce8fc7671103,match not completed (status=1),,PPA
mens,2026-04-04,6c4c9f6c-1b51-4dc4-80aa-0024a635bd95,2026 Newport Beach PPA Challenger,,170815af-782f-4284-af4a-44dde3accafb,no played games (forfeit/walkover),,PPA
mens,2026-04-04,6c4c9f6c-1b51-4dc4-80aa-0024a635bd95,2026 Newport Beach PPA Challenger,,308eb71f-18db-4dd1-bb2c-61ae2cf0a7d9,no played games (forfeit/walkover),,PPA
mens,2026-04-04,6c4c9f6c-1b51-4dc4-80aa-0024a635bd95,2026 Newport Beach PPA Challenger,,5f99adac-20f8-427b-b350-4e0933e47282,no played games (forfeit/walkover),,PPA
mens,2026-04-04,6c4c9f6c-1b51-4dc4-80aa-0024a635bd95,2026 Newport Beach PPA Challenger,,c98d0db2-3ac7-414a-ba8a-7a6478f02b01,no played games (forfeit/walkover),,PPA
mens,2026-04-04,6c4c9f6c-1b51-4dc4-80aa-0024a635bd95,2026 Newport Beach PPA Challenger,,ec9a14ff-2c03-40dd-8776-84db592618ac,match not completed (status=1),,PPA
womens,2026-04-04,6c4c9f6c-1b51-4dc4-80aa-0024a635bd95,2026 Newport Beach PPA Challenger,,260ddd77-e550-42e0-883a-d00a0933fe11,match not completed (status=1),,PPA
mixed,2026-04-05,6c4c9f6c-1b51-4dc4-80aa-0024a635bd95,2026 Newport Beach PPA Challenger,,55989657-ef38-485d-a6c9-f02ee88700d2,no played games (forfeit/walkover),,PPA
mixed,2026-04-05,6c4c9f6c-1b51-4dc4-80aa-0024a635bd95,2026 Newport Beach PPA Challenger,,1677d670-a765-408d-bab4-d61d21f617bd,no played games (forfeit/walkover),,PPA
mixed,2026-04-05,6c4c9f6c-1b51-4dc4-80aa-0024a635bd95,2026 Newport Beach PPA Challenger,,de799d7b-60fe-4fda-9013-fbc24c4a3f84,no played games (forfeit/walkover),,PPA
mixed,2026-04-05,6c4c9f6c-1b51-4dc4-80aa-0024a635bd95,2026 Newport Beach PPA Challenger,,4a76511a-fa63-408a-98c0-fbfb91bba35f,no played games (forfeit/walkover),,PPA
mixed,2026-04-05,6c4c9f6c-1b51-4dc4-80aa-0024a635bd95,2026 Newport Beach PPA Challenger,,763d84cb-6fe3-4256-9854-1ba2afcc3877,no played games (forfeit/walkover),,PPA
mixed,2026-04-05,6c4c9f6c-1b51-4dc4-80aa-0024a635bd95,2026 Newport Beach PPA Challenger,,afcacf35-1a3d-401a-91e0-14d6e5593c9b,match not completed (status=1),,PPA
mens,2026-01-24,71ccc90b-c6e9-45e9-918a-deac067d89f8,2026 Tucson PPA Challenger,,11e5dd11-5bf6-4927-b741-445536405501,no played games (forfeit/walkover),,PPA
mens,2026-01-24,71ccc90b-c6e9-45e9-918a-deac067d89f8,2026 Tucson PPA Challenger,,4a7d0b08-cc0c-4f95-9f65-4f1420ad6487,no played games (forfeit/walkover),,PPA
mens,2026-01-24,71ccc90b-c6e9-45e9-918a-deac067d89f8,2026 Tucson PPA Challenger,,67687aa9-51af-4398-91ae-c21a92d35ace,no played games (forfeit/walkover),,PPA
mens,2026-01-24,71ccc90b-c6e9-45e9-918a-deac067d89f8,2026 Tucson PPA Challenger,,0dc81a86-2ff1-46df-a22e-6480425ce1ea,no played games (forfeit/walkover),Round 32,PPA
mens,2026-01-24,71ccc90b-c6e9-45e9-918a-deac067d89f8,2026 Tucson PPA Challenger,,724484f7-feb4-444f-b41f-c3581a3f124f,no played games (forfeit/walkover),,PPA
mens,2026-01-24,71ccc90b-c6e9-45e9-918a-deac067d89f8,2026 Tucson PPA Challenger,,11b83489-6c05-42d1-a8c2-761fb45d3169,match not completed (status=1),,PPA
womens,2026-01-24,71ccc90b-c6e9-45e9-918a-deac067d89f8,2026 Tucson PPA Challenger,,b3fd229b-3997-4ace-a311-a53b742ecf8c,match not completed (status=1),,PPA
mixed,2026-01-25,71ccc90b-c6e9-45e9-918a-deac067d89f8,2026 Tucson PPA Challenger,,beb1531d-d371-4285-a090-6e438f64b598,no played games (forfeit/walkover),,PPA
mixed,2026-01-25,71ccc90b-c6e9-45e9-918a-deac067d89f8,2026 Tucson PPA Challenger,,4dd9b8dd-0e0c-4b60-ba08-4081c32b2cf0,no played games (forfeit/walkover),,PPA
mixed,2026-01-25,71ccc90b-c6e9-45e9-918a-deac067d89f8,2026 Tucson PPA Challenger,,ae588610-c051-418f-a690-e2b3b443b70a,no played games (forfeit/walkover),,PPA
mixed,2026-01-25,71ccc90b-c6e9-45e9-918a-deac067d89f8,2026 Tucson PPA Challenger,,e73db3a9-c99c-420e-946e-efd6a4cc94f0,no played games (forfeit/walkover),,PPA
mixed,2026-01-25,71ccc90b-c6e9-45e9-918a-deac067d89f8,2026 Tucson PPA Challenger,,f4103231-adf5-49f5-b11f-5e0f1ed5743c,no played games (forfeit/walkover),,PPA
mixed,2026-01-25,71ccc90b-c6e9-45e9-918a-deac067d89f8,2026 Tucson PPA Challenger,,32f12193-26c4-4863-a7bb-290f5114a22d,no played games (forfeit/walkover),,PPA
mixed,2026-01-25,71ccc90b-c6e9-45e9-918a-deac067d89f8,2026 Tucson PPA Challenger,,e7a8dbb1-876c-476f-9096-0a6a209223be,no played games (forfeit/walkover),Round 64,PPA
mixed,2026-01-25,71ccc90b-c6e9-45e9-918a-deac067d89f8,2026 Tucson PPA Challenger,,117d5421-5b5e-4e82-920f-3b7354087666,no played games (forfeit/walkover),Round 64,PPA
mixed,2026-01-25,71ccc90b-c6e9-45e9-918a-deac067d89f8,2026 Tucson PPA Challenger,,13b24d09-a3a9-4680-9abf-8bce81aef7a9,match not completed (status=1),,PPA
womens,2026-04-18,7725ae53-97c5-447e-8197-48c0a3661033,2026 Opelika PPA Challenger,,bdf3f7de-1d57-4876-8760-93790915db9a,no played games (forfeit/walkover),,PPA
mens,2026-04-18,7725ae53-97c5-447e-8197-48c0a3661033,2026 Opelika PPA Challenger,,6e84a29e-6ee3-4edf-80bb-de5c82bc6e63,no played games (forfeit/walkover),,PPA
mens,2026-04-18,7725ae53-97c5-447e-8197-48c0a3661033,2026 Opelika PPA Challenger,,0c65b0fa-326f-4ecd-8dc7-e3ec415f0c87,no played games (forfeit/walkover),,PPA
mens,2026-04-18,7725ae53-97c5-447e-8197-48c0a3661033,2026 Opelika PPA Challenger,,6b6823eb-ff3d-4e78-bf72-58812e181ef9,no played games (forfeit/walkover),,PPA
mens,2026-04-18,7725ae53-97c5-447e-8197-48c0a3661033,2026 Opelika PPA Challenger,,e41ddc1e-477e-4f3b-9b0a-08064cd2d11e,no played games (forfeit/walkover),Round 64,PPA
mens,2026-04-18,7725ae53-97c5-447e-8197-48c0a3661033,2026 Opelika PPA Challenger,,8c61e747-536d-4a4d-82e2-746ac92d1793,no played games (forfeit/walkover),Round 64,PPA
mens,2026-04-18,7725ae53-97c5-447e-8197-48c0a3661033,2026 Opelika PPA Challenger,,b1c1eb39-c184-43c3-8851-4460f6df1c28,"bracket bye/shell (empty side, no scores)",,PPA
womens,2026-04-18,7725ae53-97c5-447e-8197-48c0a3661033,2026 Opelika PPA Challenger,,94d3aa2b-df9e-45ad-a467-c715e94a43a6,"bracket bye/shell (empty side, no scores)",,PPA
mixed,2026-04-19,7725ae53-97c5-447e-8197-48c0a3661033,2026 Opelika PPA Challenger,,749a9279-583d-4954-acd3-70e27fb99a77,no played games (forfeit/walkover),,PPA
mixed,2026-04-19,7725ae53-97c5-447e-8197-48c0a3661033,2026 Opelika PPA Challenger,,672657ba-12ed-44b3-9ee9-e5c94054a200,no played games (forfeit/walkover),,PPA
mixed,2026-04-19,7725ae53-97c5-447e-8197-48c0a3661033,2026 Opelika PPA Challenger,,faa79425-0024-4f53-a43a-d157e5825947,"bracket bye/shell (empty side, no scores)",,PPA
mens,2026-06-13,78499ed8-87d2-4879-986c-062c372c5234,2026 Boise PPA Challenger,,fc05d559-9241-4146-858f-793c4818ea0a,"bracket bye/shell (empty side, no scores)",,PPA
womens,2026-06-13,78499ed8-87d2-4879-986c-062c372c5234,2026 Boise PPA Challenger,,ef22e5a7-9138-49d6-a4e2-0a0f1395cbe4,"bracket bye/shell (empty side, no scores)",,PPA
mixed,2026-06-14,78499ed8-87d2-4879-986c-062c372c5234,2026 Boise PPA Challenger,,fbbef326-ec43-41b6-9b1f-9b37a8136821,"bracket bye/shell (empty side, no scores)",,PPA
mens,2026-01-12,8ab37b28-af20-44e9-845d-0beae3e388d8,PPA Tour: Carvana PPA Masters Powered by Invited,,0c19ea13-938a-4de0-8843-b2129333a7be,no played games (forfeit/walkover),Qualifier — Round 64,PPA
mixed,2026-01-12,8ab37b28-af20-44e9-845d-0beae3e388d8,PPA Tour: Carvana PPA Masters Powered by Invited,,891598ef-9dba-44e9-975a-f8f6decf814d,no played games (forfeit/walkover),Qualifier — Round 32,PPA
mixed,2026-01-12,8ab37b28-af20-44e9-845d-0beae3e388d8,PPA Tour: Carvana PPA Masters Powered by Invited,,88386c31-4253-44ed-a9a7-072e3f0d21e0,match not completed (status=1),Qualifier — Quarter Finals,PPA
mixed,2026-01-12,8ab37b28-af20-44e9-845d-0beae3e388d8,PPA Tour: Carvana PPA Masters Powered by Invited,,d06c0d56-3143-4ef5-bd5a-6f884df07eb8,match not completed (status=1),Qualifier — Quarter Finals,PPA
mixed,2026-01-12,8ab37b28-af20-44e9-845d-0beae3e388d8,PPA Tour: Carvana PPA Masters Powered by Invited,,8e85cd22-1505-4e39-8115-298985024f3c,match not completed (status=1),Qualifier — Quarter Finals,PPA
mixed,2026-01-12,8ab37b28-af20-44e9-845d-0beae3e388d8,PPA Tour: Carvana PPA Masters Powered by Invited,,479bf606-9775-42d3-9f71-8b62065892c6,match not completed (status=1),Qualifier — Quarter Finals,PPA
mens,2026-01-12,8ab37b28-af20-44e9-845d-0beae3e388d8,PPA Tour: Carvana PPA Masters Powered by Invited,,e2e6d8c9-eafa-46fc-9239-225136572d36,match not completed (status=1),Qualifier — Quarter Finals,PPA
mens,2026-01-12,8ab37b28-af20-44e9-845d-0beae3e388d8,PPA Tour: Carvana PPA Masters Powered by Invited,,46cf44d3-033e-4a51-bfff-5d1982e51859,match not completed (status=1),Qualifier — Quarter Finals,PPA
mens,2026-01-12,8ab37b28-af20-44e9-845d-0beae3e388d8,PPA Tour: Carvana PPA Masters Powered by Invited,,10e6b1fc-ebab-4518-a765-3a1c53c75257,match not completed (status=1),Qualifier — Quarter Finals,PPA
mens,2026-01-12,8ab37b28-af20-44e9-845d-0beae3e388d8,PPA Tour: Carvana PPA Masters Powered by Invited,,70c961a8-56da-40cd-9db1-bc0fd6df59a5,match not completed (status=1),Qualifier — Quarter Finals,PPA
womens,2026-01-12,8ab37b28-af20-44e9-845d-0beae3e388d8,PPA Tour: Carvana PPA Masters Powered by Invited,,952d64ff-c4dd-48d4-b549-6210d7b73e25,match not completed (status=1),Qualifier — Semi-Finals,PPA
womens,2026-01-12,8ab37b28-af20-44e9-845d-0beae3e388d8,PPA Tour: Carvana PPA Masters Powered by Invited,,bb5631ea-1cc8-4dd3-b4f2-7778708e0739,match not completed (status=1),Qualifier — Semi-Finals,PPA
womens,2026-01-14,8ab37b28-af20-44e9-845d-0beae3e388d8,PPA Tour: Carvana PPA Masters Powered by Invited,,2b994fb7-7424-4e64-b5cc-54b0ed4b98d9,no played games (forfeit/walkover),Round 64,PPA
mens,2026-01-14,8ab37b28-af20-44e9-845d-0beae3e388d8,PPA Tour: Carvana PPA Masters Powered by Invited,,bde72b0e-d709-4fc7-90c2-74b6b47d8967,no played games (forfeit/walkover),Round 64,PPA
mixed,2026-04-27,92d37566-5850-40a3-8aad-7217276dc586,PPA Tour: 2026 Veolia Atlanta Pickleball Championships,,0255a4c5-fefa-41b2-832a-69b9659831a8,no played games (forfeit/walkover),Qualifier — Quarter Finals,PPA
mixed,2026-04-27,92d37566-5850-40a3-8aad-7217276dc586,PPA Tour: 2026 Veolia Atlanta Pickleball Championships,,1748e69f-ad52-456b-94bb-f98d2a78593e,no played games (forfeit/walkover),Qualifier — Quarter Finals,PPA
mixed,2026-04-27,92d37566-5850-40a3-8aad-7217276dc586,PPA Tour: 2026 Veolia Atlanta Pickleball Championships,,70376c38-40e1-4146-88e4-f7bc18356bd4,no played games (forfeit/walkover),Qualifier — Quarter Finals,PPA
mixed,2026-04-27,92d37566-5850-40a3-8aad-7217276dc586,PPA Tour: 2026 Veolia Atlanta Pickleball Championships,,8f7c6641-27f7-42ba-b178-db7f97ed7b2b,no played games (forfeit/walkover),Qualifier — Quarter Finals,PPA
womens,2026-04-27,92d37566-5850-40a3-8aad-7217276dc586,PPA Tour: 2026 Veolia Atlanta Pickleball Championships,,348f83e8-3e66-4746-b77c-3f36ec9bf48a,no played games (forfeit/walkover),Qualifier — Semi-Finals,PPA
womens,2026-04-27,92d37566-5850-40a3-8aad-7217276dc586,PPA Tour: 2026 Veolia Atlanta Pickleball Championships,,8881eae6-4178-4002-90e4-68b0fa0e63af,no played games (forfeit/walkover),Qualifier — Semi-Finals,PPA
mens,2026-04-27,92d37566-5850-40a3-8aad-7217276dc586,PPA Tour: 2026 Veolia Atlanta Pickleball Championships,,21fc784b-4771-45f9-b862-b5d1b5fc408a,no played games (forfeit/walkover),Qualifier — Quarter Finals,PPA
mens,2026-04-27,92d37566-5850-40a3-8aad-7217276dc586,PPA Tour: 2026 Veolia Atlanta Pickleball Championships,,5cd7a445-5215-4b4b-8056-5e7a87efb430,no played games (forfeit/walkover),Qualifier — Quarter Finals,PPA
mens,2026-04-27,92d37566-5850-40a3-8aad-7217276dc586,PPA Tour: 2026 Veolia Atlanta Pickleball Championships,,697c8cb0-e661-44a8-a73e-e3b7353bbfb7,no played games (forfeit/walkover),Qualifier — Quarter Finals,PPA
mens,2026-04-27,92d37566-5850-40a3-8aad-7217276dc586,PPA Tour: 2026 Veolia Atlanta Pickleball Championships,,9650832d-872c-446c-80be-7a3b812a01ba,no played games (forfeit/walkover),Qualifier — Quarter Finals,PPA
mens,2026-04-28,92d37566-5850-40a3-8aad-7217276dc586,PPA Tour: 2026 Veolia Atlanta Pickleball Championships,,588a180c-6072-4b29-9618-c22fa04c2a3b,no played games (forfeit/walkover),Round 64,PPA
mixed,2026-04-28,92d37566-5850-40a3-8aad-7217276dc586,PPA Tour: 2026 Veolia Atlanta Pickleball Championships,,3fa4088e-c43b-4047-91b9-8b7e61ad9eec,no played games (forfeit/walkover),Round 128,PPA
mixed,2026-03-09,a007e41a-7907-4a6f-8d37-9a153aed01ec,PPA Tour: Veolia Texas Open,,736f9144-ca45-4770-8eaf-059db2a56bf8,no played games (forfeit/walkover),Qualifier — Round 32,PPA
mixed,2026-03-09,a007e41a-7907-4a6f-8d37-9a153aed01ec,PPA Tour: Veolia Texas Open,,e94377e0-4da8-4288-abf9-da1f73011f4d,match not completed (status=1),Qualifier — Quarter Finals,PPA
mixed,2026-03-09,a007e41a-7907-4a6f-8d37-9a153aed01ec,PPA Tour: Veolia Texas Open,,a45dae5d-a94d-4ac3-ab61-e1774b6e61f2,match not completed (status=1),Qualifier — Quarter Finals,PPA
mixed,2026-03-09,a007e41a-7907-4a6f-8d37-9a153aed01ec,PPA Tour: Veolia Texas Open,,bb2bdb7d-9a2d-4ee6-ace0-64c950fc1c32,match not completed (status=1),Qualifier — Quarter Finals,PPA
mixed,2026-03-09,a007e41a-7907-4a6f-8d37-9a153aed01ec,PPA Tour: Veolia Texas Open,,60e0a7af-ecc5-459b-9f41-ca34f86b7586,match not completed (status=1),Qualifier — Quarter Finals,PPA
mens,2026-03-09,a007e41a-7907-4a6f-8d37-9a153aed01ec,PPA Tour: Veolia Texas Open,,9371452d-af18-4c64-8896-f4b7b108047a,match not completed (status=1),Qualifier — Quarter Finals,PPA
mens,2026-03-09,a007e41a-7907-4a6f-8d37-9a153aed01ec,PPA Tour: Veolia Texas Open,,8640ba30-8d06-404e-ba19-6f91b3ca9451,match not completed (status=1),Qualifier — Quarter Finals,PPA
mens,2026-03-09,a007e41a-7907-4a6f-8d37-9a153aed01ec,PPA Tour: Veolia Texas Open,,79a95c3c-1447-4fb9-be4f-eb0bd129bd50,match not completed (status=1),Qualifier — Quarter Finals,PPA
mens,2026-03-09,a007e41a-7907-4a6f-8d37-9a153aed01ec,PPA Tour: Veolia Texas Open,,a3e06ddb-8c8c-47ba-b0c2-57e390ea3b93,match not completed (status=1),Qualifier — Quarter Finals,PPA
womens,2026-03-09,a007e41a-7907-4a6f-8d37-9a153aed01ec,PPA Tour: Veolia Texas Open,,a1b678ed-6ba1-4f80-bd44-e9a18c405b0c,match not completed (status=1),Qualifier — Semi-Finals,PPA
womens,2026-03-09,a007e41a-7907-4a6f-8d37-9a153aed01ec,PPA Tour: Veolia Texas Open,,264b93b0-56e2-4f6a-bd85-05287f28cd3a,match not completed (status=1),Qualifier — Semi-Finals,PPA
mens,2026-03-10,a007e41a-7907-4a6f-8d37-9a153aed01ec,PPA Tour: Veolia Texas Open,,8670d83d-fc7f-4e18-a0c2-0ccbc5d4e407,no played games (forfeit/walkover),Round 64,PPA
mixed,2026-03-10,a007e41a-7907-4a6f-8d37-9a153aed01ec,PPA Tour: Veolia Texas Open,,b0d9d113-710e-4e0e-a94d-73e75a9c6741,no played games (forfeit/walkover),Round 64,PPA
mixed,2026-03-10,a007e41a-7907-4a6f-8d37-9a153aed01ec,PPA Tour: Veolia Texas Open,,e1845335-7e92-44e8-88b9-e133a118a388,no played games (forfeit/walkover),Round 128,PPA
womens,2026-03-10,a007e41a-7907-4a6f-8d37-9a153aed01ec,PPA Tour: Veolia Texas Open,,ad9623bd-222d-45f1-9c16-f680f4eab0aa,no played games (forfeit/walkover),Round 64,PPA
mixed,2026-01-19,a87739fb-9ea8-4572-9944-ec10f355b9c0,PPA Tour: Indoor National Championships,,e642ab6f-32cc-42d1-b6d9-c1a2c0b7bcf4,match not completed (status=1),Qualifier — Quarter Finals,PPA
mixed,2026-01-19,a87739fb-9ea8-4572-9944-ec10f355b9c0,PPA Tour: Indoor National Championships,,ae1fc5f6-258d-40bb-b8ff-99581457afee,match not completed (status=1),Qualifier — Quarter Finals,PPA
mixed,2026-01-19,a87739fb-9ea8-4572-9944-ec10f355b9c0,PPA Tour: Indoor National Championships,,56ce1a29-4d2e-408b-962f-dddc0f4a254c,match not completed (status=1),Qualifier — Quarter Finals,PPA
mixed,2026-01-19,a87739fb-9ea8-4572-9944-ec10f355b9c0,PPA Tour: Indoor National Championships,,2722f883-3904-44f6-a0f7-83ac70e8a397,match not completed (status=1),Qualifier — Quarter Finals,PPA
mens,2026-01-19,a87739fb-9ea8-4572-9944-ec10f355b9c0,PPA Tour: Indoor National Championships,,41c300da-039b-4cbf-8724-9ac64c998c1a,match not completed (status=1),Qualifier — Quarter Finals,PPA
mens,2026-01-19,a87739fb-9ea8-4572-9944-ec10f355b9c0,PPA Tour: Indoor National Championships,,5b0e14aa-c571-45d9-bf95-9add4436a2fa,match not completed (status=1),Qualifier — Quarter Finals,PPA
mens,2026-01-19,a87739fb-9ea8-4572-9944-ec10f355b9c0,PPA Tour: Indoor National Championships,,a11ab654-ef85-4e59-9843-0b128a4cd7a8,match not completed (status=1),Qualifier — Quarter Finals,PPA
mens,2026-01-19,a87739fb-9ea8-4572-9944-ec10f355b9c0,PPA Tour: Indoor National Championships,,c9ab8273-42e7-4368-be98-90fdcc8cf92b,match not completed (status=1),Qualifier — Quarter Finals,PPA
womens,2026-01-19,a87739fb-9ea8-4572-9944-ec10f355b9c0,PPA Tour: Indoor National Championships,,ac2f7987-68ea-46d8-8fb0-13f783a8f25d,match not completed (status=1),Qualifier — Semi-Finals,PPA
womens,2026-01-19,a87739fb-9ea8-4572-9944-ec10f355b9c0,PPA Tour: Indoor National Championships,,0fa7357f-9fec-49bd-8668-12ca18c2532b,match not completed (status=1),Qualifier — Semi-Finals,PPA
mens,2026-01-20,a87739fb-9ea8-4572-9944-ec10f355b9c0,PPA Tour: Indoor National Championships,,f545a140-a983-4b94-abf9-62eac2083693,no played games (forfeit/walkover),Round 32,PPA
mixed,2026-01-20,a87739fb-9ea8-4572-9944-ec10f355b9c0,PPA Tour: Indoor National Championships,,5b05b678-5877-4292-ab76-86a3ad78efbb,no played games (forfeit/walkover),Round 64,PPA
mixed,2026-01-22,a87739fb-9ea8-4572-9944-ec10f355b9c0,PPA Tour: Indoor National Championships,,7768a200-8f09-4c82-8c9c-f48a36d3a53a,no played games (forfeit/walkover),Round 16,PPA
mixed,2026-01-25,a87739fb-9ea8-4572-9944-ec10f355b9c0,PPA Tour: Indoor National Championships,,6274fc79-fd13-410a-8a3c-59a3a3787fd4,no played games (forfeit/walkover),Bronze,PPA
womens,2026-05-02,ceb8b74c-641d-400e-bff2-689820c7e0ed,Black Desert PPA Challenger,,f2a853a0-77ec-43bb-9453-8c7e72c5ed62,no played games (forfeit/walkover),,PPA
mens,2026-05-02,ceb8b74c-641d-400e-bff2-689820c7e0ed,Black Desert PPA Challenger,,312d3cba-cd51-4673-8def-c1c7296661bf,"bracket bye/shell (empty side, no scores)",,PPA
womens,2026-05-02,ceb8b74c-641d-400e-bff2-689820c7e0ed,Black Desert PPA Challenger,,6267902b-c77a-4345-885e-ef28cbc0f4b6,"bracket bye/shell (empty side, no scores)",,PPA
mixed,2026-05-03,ceb8b74c-641d-400e-bff2-689820c7e0ed,Black Desert PPA Challenger,,30dbe3ad-4887-48e5-a177-4900cb13cbed,"bracket bye/shell (empty side, no scores)",,PPA
mixed,2026-05-04,d7806c39-89b0-4692-970c-b73a835fa60a,PPA Tour: 2026 PPA Finals,,8861d173-3861-42b5-a7f6-7ddb93c257f3,no played games (forfeit/walkover),Qualifier — Semi-Finals,PPA
mixed,2026-05-04,d7806c39-89b0-4692-970c-b73a835fa60a,PPA Tour: 2026 PPA Finals,,6d3c01ad-2d39-4818-83f6-b6982905b843,no played games (forfeit/walkover),Qualifier — Semi-Finals,PPA
womens,2026-05-04,d7806c39-89b0-4692-970c-b73a835fa60a,PPA Tour: 2026 PPA Finals,,ab3dbc0f-f507-41d8-9ced-ce4af1366f3c,no played games (forfeit/walkover),Qualifier — Bronze,PPA
womens,2026-05-04,d7806c39-89b0-4692-970c-b73a835fa60a,PPA Tour: 2026 PPA Finals,,bb66d951-2cb0-46e2-8728-0afca5a4ac55,no played games (forfeit/walkover),Qualifier — Finals,PPA
mens,2026-05-04,d7806c39-89b0-4692-970c-b73a835fa60a,PPA Tour: 2026 PPA Finals,,7c97ea9b-c509-4db4-8312-2760d5f9c213,no played games (forfeit/walkover),Qualifier — Quarter Finals,PPA
mens,2026-05-04,d7806c39-89b0-4692-970c-b73a835fa60a,PPA Tour: 2026 PPA Finals,,6b32d4cc-bb8b-4d68-8b87-e2a5e78de2c9,no played games (forfeit/walkover),Qualifier — Quarter Finals,PPA
mens,2026-05-04,d7806c39-89b0-4692-970c-b73a835fa60a,PPA Tour: 2026 PPA Finals,,2bfa5722-ae87-4286-8298-417138d08bb7,no played games (forfeit/walkover),Qualifier — Quarter Finals,PPA
mens,2026-05-04,d7806c39-89b0-4692-970c-b73a835fa60a,PPA Tour: 2026 PPA Finals,,ead9c4b1-a268-4140-900f-6dae70f5081f,no played games (forfeit/walkover),Qualifier — Quarter Finals,PPA
womens,2026-05-06,d7806c39-89b0-4692-970c-b73a835fa60a,PPA Tour: 2026 PPA Finals,,45473360-51da-4053-9486-594361333338,no played games (forfeit/walkover),Top 8 Ranked — Bronze,PPA
mixed,2026-05-06,d7806c39-89b0-4692-970c-b73a835fa60a,PPA Tour: 2026 PPA Finals,,a9cfd73a-bb4c-49cd-8a1d-fc615985db88,no played games (forfeit/walkover),Top 8 Ranked — Bronze,PPA
mens,2026-05-06,d7806c39-89b0-4692-970c-b73a835fa60a,PPA Tour: 2026 PPA Finals,,a6c3a88f-a4df-4d25-8292-d27c758900a5,no played games (forfeit/walkover),Top 8 Ranked — Bronze,PPA
mixed,2026-03-23,e107a760-8d9c-4642-bae4-aff460bbf35a,PPA Tour: Greater Zion Cup at Black Desert Resort,,2e031d2c-ed15-4096-84e6-41844241f1f5,no played games (forfeit/walkover),Qualifier — Round 16,PPA
mixed,2026-03-23,e107a760-8d9c-4642-bae4-aff460bbf35a,PPA Tour: Greater Zion Cup at Black Desert Resort,,f5cef8a8-230a-4709-b51d-f405edcd24b8,match not completed (status=1),Qualifier — Quarter Finals,PPA
mixed,2026-03-23,e107a760-8d9c-4642-bae4-aff460bbf35a,PPA Tour: Greater Zion Cup at Black Desert Resort,,c1d01f4c-ac34-4dd5-91bf-0d3917420854,match not completed (status=1),Qualifier — Quarter Finals,PPA
mixed,2026-03-23,e107a760-8d9c-4642-bae4-aff460bbf35a,PPA Tour: Greater Zion Cup at Black Desert Resort,,85b8f0b0-e6ac-4882-9119-7b8fb07650af,match not completed (status=1),Qualifier — Quarter Finals,PPA
mixed,2026-03-23,e107a760-8d9c-4642-bae4-aff460bbf35a,PPA Tour: Greater Zion Cup at Black Desert Resort,,1ffc4a54-ec68-4dd9-a857-93d6f16f5cc5,match not completed (status=1),Qualifier — Quarter Finals,PPA
mens,2026-03-23,e107a760-8d9c-4642-bae4-aff460bbf35a,PPA Tour: Greater Zion Cup at Black Desert Resort,,24bdb0ec-254f-4de6-98f5-8ef56de8be7b,match not completed (status=1),Qualifier — Quarter Finals,PPA
mens,2026-03-23,e107a760-8d9c-4642-bae4-aff460bbf35a,PPA Tour: Greater Zion Cup at Black Desert Resort,,0795c973-5347-4de3-8e8a-aad3bedaba08,match not completed (status=1),Qualifier — Quarter Finals,PPA
mens,2026-03-23,e107a760-8d9c-4642-bae4-aff460bbf35a,PPA Tour: Greater Zion Cup at Black Desert Resort,,f3928515-05b0-428f-850e-7de5c9eaf154,match not completed (status=1),Qualifier — Quarter Finals,PPA
mens,2026-03-23,e107a760-8d9c-4642-bae4-aff460bbf35a,PPA Tour: Greater Zion Cup at Black Desert Resort,,d90ac48e-ee4a-458e-b257-e37f862d27ae,match not completed (status=1),Qualifier — Quarter Finals,PPA
womens,2026-03-23,e107a760-8d9c-4642-bae4-aff460bbf35a,PPA Tour: Greater Zion Cup at Black Desert Resort,,d2ac1814-68bc-4f9d-9f8a-f2dc58780282,match not completed (status=1),Qualifier — Semi-Finals,PPA
womens,2026-03-23,e107a760-8d9c-4642-bae4-aff460bbf35a,PPA Tour: Greater Zion Cup at Black Desert Resort,,487f1057-43d3-4b7b-b808-82c74e3fc5ad,match not completed (status=1),Qualifier — Semi-Finals,PPA
mens,2026-02-16,fc07fe03-0caa-4cb1-a71f-845438129aa5,PPA Tour: 2026 Carvana Mesa Cup,,6618e7e5-2906-49e8-83a5-1d0590db1564,no played games (forfeit/walkover),Qualifier — Round 64,PPA
mixed,2026-02-16,fc07fe03-0caa-4cb1-a71f-845438129aa5,PPA Tour: 2026 Carvana Mesa Cup,,8e550aed-6c8b-44e5-9ba6-bece730d3569,match not completed (status=1),Qualifier — Quarter Finals,PPA
mixed,2026-02-16,fc07fe03-0caa-4cb1-a71f-845438129aa5,PPA Tour: 2026 Carvana Mesa Cup,,6ed15aad-117e-42c8-a01b-0c6621a59049,match not completed (status=1),Qualifier — Quarter Finals,PPA
mixed,2026-02-16,fc07fe03-0caa-4cb1-a71f-845438129aa5,PPA Tour: 2026 Carvana Mesa Cup,,b4052eb0-21ea-4ca6-8b40-d29f1323616d,match not completed (status=1),Qualifier — Quarter Finals,PPA
mixed,2026-02-16,fc07fe03-0caa-4cb1-a71f-845438129aa5,PPA Tour: 2026 Carvana Mesa Cup,,34abe04b-092f-4a73-b47e-d520c7222d37,match not completed (status=1),Qualifier — Quarter Finals,PPA
mens,2026-02-16,fc07fe03-0caa-4cb1-a71f-845438129aa5,PPA Tour: 2026 Carvana Mesa Cup,,98ef5135-4d84-4672-a6f0-17742f1665c5,match not completed (status=1),Qualifier — Quarter Finals,PPA
mens,2026-02-16,fc07fe03-0caa-4cb1-a71f-845438129aa5,PPA Tour: 2026 Carvana Mesa Cup,,85c174b5-e784-478d-9bce-aeab32cf710d,match not completed (status=1),Qualifier — Quarter Finals,PPA
mens,2026-02-16,fc07fe03-0caa-4cb1-a71f-845438129aa5,PPA Tour: 2026 Carvana Mesa Cup,,7dd3d921-46a9-47cf-ad5e-b2da7904790c,match not completed (status=1),Qualifier — Quarter Finals,PPA
mens,2026-02-16,fc07fe03-0caa-4cb1-a71f-845438129aa5,PPA Tour: 2026 Carvana Mesa Cup,,242e98fb-8a17-4244-9f87-d84ea7fa9839,match not completed (status=1),Qualifier — Quarter Finals,PPA
womens,2026-02-16,fc07fe03-0caa-4cb1-a71f-845438129aa5,PPA Tour: 2026 Carvana Mesa Cup,,432a79db-fd85-45d2-89d0-5e1e1ed42d38,match not completed (status=1),Qualifier — Semi-Finals,PPA
womens,2026-02-16,fc07fe03-0caa-4cb1-a71f-845438129aa5,PPA Tour: 2026 Carvana Mesa Cup,,b45368d6-49bd-4c55-a55e-b05049f1723b,match not completed (status=1),Qualifier — Semi-Finals,PPA
mens,2026-02-17,fc07fe03-0caa-4cb1-a71f-845438129aa5,PPA Tour: 2026 Carvana Mesa Cup,,f3696357-6e1b-46b9-81c0-5042251557c2,no played games (forfeit/walkover),Round 64,PPA
mens,2026-02-17,fc07fe03-0caa-4cb1-a71f-845438129aa5,PPA Tour: 2026 Carvana Mesa Cup,,1595a416-3bba-4f5a-8b64-04fda39d13f1,no played games (forfeit/walkover),Round 64,PPA
mixed,2026-02-17,fc07fe03-0caa-4cb1-a71f-845438129aa5,PPA Tour: 2026 Carvana Mesa Cup,,33bd66c4-6eb1-4bed-9875-bda397fa076f,no played games (forfeit/walkover),Round 128,PPA
womens,2026-02-20,fc07fe03-0caa-4cb1-a71f-845438129aa5,PPA Tour: 2026 Carvana Mesa Cup,,f9f251ec-6075-4abd-b977-053548b662c7,no played games (forfeit/walkover),Quarter Finals,PPA
mens,2026-02-22,fc07fe03-0caa-4cb1-a71f-845438129aa5,PPA Tour: 2026 Carvana Mesa Cup,,4ada0e2f-2d03-489e-a294-d2cd551e2592,no played games (forfeit/walkover),Bronze,PPA
mens,2026-05-23,ffaf2bcd-1836-4961-a7c6-75269e7b4dd3,2026 Wilson PPA Challenger,,f38f88cb-6d07-4c37-a520-bf0e7627efa8,no played games (forfeit/walkover),,PPA
mens,2026-05-23,ffaf2bcd-1836-4961-a7c6-75269e7b4dd3,2026 Wilson PPA Challenger,,64191f86-3889-427e-a222-88797ee0602d,no played games (forfeit/walkover),,PPA
mens,2026-05-23,ffaf2bcd-1836-4961-a7c6-75269e7b4dd3,2026 Wilson PPA Challenger,,a30f0a84-0952-4daa-a82d-17bddfefd117,no played games (forfeit/walkover),Round 64,PPA
mens,2026-05-23,ffaf2bcd-1836-4961-a7c6-75269e7b4dd3,2026 Wilson PPA Challenger,,33043198-a95d-447a-b07d-a787f3a5249c,"bracket bye/shell (empty side, no scores)",,PPA
womens,2026-05-23,ffaf2bcd-1836-4961-a7c6-75269e7b4dd3,2026 Wilson PPA Challenger,,193e44a6-4164-4ff9-a170-e071e901e2b6,"bracket bye/shell (empty side, no scores)",,PPA
mixed,2026-05-24,ffaf2bcd-1836-4961-a7c6-75269e7b4dd3,2026 Wilson PPA Challenger,,c8ea38c1-ba9b-442d-9ccc-ddbb785ff63d,no played games (forfeit/walkover),,PPA
mixed,2026-05-24,ffaf2bcd-1836-4961-a7c6-75269e7b4dd3,2026 Wilson PPA Challenger,,286019a7-7e5b-4e13-82e7-c19c7f8494f1,no played games (forfeit/walkover),,PPA
mixed,2026-05-24,ffaf2bcd-1836-4961-a7c6-75269e7b4dd3,2026 Wilson PPA Challenger,,3f1680ba-d188-4908-8f63-1210649fdfae,no played games (forfeit/walkover),,PPA
mixed,2026-05-24,ffaf2bcd-1836-4961-a7c6-75269e7b4dd3,2026 Wilson PPA Challenger,,dfa772cb-3851-458c-85e6-04bbf5069dd3,no played games (forfeit/walkover),,PPA
mixed,2026-05-24,ffaf2bcd-1836-4961-a7c6-75269e7b4dd3,2026 Wilson PPA Challenger,,e012c9cc-751c-4ea1-b4f4-a3b4bea90f9e,no played games (forfeit/walkover),,PPA
mixed,2026-05-24,ffaf2bcd-1836-4961-a7c6-75269e7b4dd3,2026 Wilson PPA Challenger,,1feef659-4447-4d8f-a308-a9bb404ae9bf,no played games (forfeit/walkover),Round 64,PPA
mixed,2026-05-24,ffaf2bcd-1836-4961-a7c6-75269e7b4dd3,2026 Wilson PPA Challenger,,82a10317-f84c-410b-ae25-3dcb2103b8c5,"bracket bye/shell (empty side, no scores)",,PPA
