player_id,full_name,gender,games,value_mean,value_sd,w_mixed,w_mens,w_womens
8dd7bb87-1082-4114-809e-888ac57df014,Chase Mason,M,14,-2.536,1.227,-0.004,-0.019,nan
4e82e645-294f-424e-b1e7-28f93e2cb7cc,Benjamin Bramblett,M,14,-3.054,1.197,0.005,-0.046,nan
61e0ca34-5642-40bd-9eaf-acd7ea93480a,Marcel Chan,M,15,-0.378,1.429,nan,-0.002,nan
0763ffeb-1b1f-41c5-ab37-d17b66e50b50,Phuc Huynh,M,15,-0.369,1.461,nan,-0.003,nan
337c76f4-2e83-4a59-b66b-7dc2e0555ce2,Cassidy Hoag,F,85,-0.073,0.651,0.044,nan,-0.053
fa8d5d28-d8f5-4996-8c35-0f4ca3c35bae,Anderson Scarpa,M,120,1.228,0.601,-0.002,0.014,nan
4057f30d-d42a-4189-a158-11576fb5f52a,Blaine Hovenier,M,114,0.187,0.545,0.016,-0.012,nan
2e0acd0d-95a3-49c3-8648-720ed0fbc7d5,Lingwei Kong,F,103,-1.316,0.602,-0.013,nan,-0.005
89ccc27e-1751-4730-a998-db0cb9224349,Brooke Revuelta,F,26,-1.706,0.999,-0.001,nan,-0.032
763b4d27-8140-47cd-86f5-982706cd4ebb,Michael Loyd,M,118,0.782,0.533,-0.048,0.06,nan
d57934e4-fe65-4168-8fd7-26da1b07cb2d,Michelle Murphy,F,32,-1.978,0.927,-0.018,nan,-0.002
b9078ad5-9d55-4617-9c9d-131823dfca0b,Luke Ness,M,22,-0.169,1.098,0.01,-0.013,nan
6876576c-b20e-47e3-99e4-d32759cc9f48,Patrick Kawka,M,87,1.398,0.586,0.055,-0.039,nan
756a7a13-a3d8-4d89-8afb-e2071ec6dc82,Lauren Mercado,F,14,-0.607,1.256,0.022,nan,-0.038
b4b00d3c-1974-48f2-b74e-9cf9faa04d69,Kevin Dayan,M,34,-0.64,0.887,-0.044,0.026,nan
c32446f8-bb47-4d48-8d5b-26aba4b20cb2,Trang Huynh,F,40,-1.406,0.882,-0.047,nan,0.035
cc8832b9-9a8f-4cbc-8eff-b20e9a7ff09a,Jaume Martinez Vich,M,248,2.065,0.446,0.102,-0.064,nan
f86cff72-5f9c-40b1-9f28-f28aafae245f,Wyatt Stone,M,127,-0.264,0.52,0.04,-0.037,nan
469988c9-b401-4c68-9e07-e1b1b104b791,Yates Johnson,M,106,0.211,0.552,0.023,-0.015,nan
8160ad59-4654-46b1-b229-8d5f2a9a45f9,Hunter Johnson,M,161,1.85,0.505,0.037,-0.009,nan
1728d016-1f02-4789-be73-63d12d5a5b42,Parris Todd,F,208,2.494,0.475,0.053,nan,-0.02
614e164a-4197-44eb-855c-586cf79fbfc9,Ivan Jakovljevic,M,120,1.007,0.541,0.06,-0.047,nan
4e39b9bd-436d-495d-99d7-c2818bbea4ab,Camila Zilveti,F,62,-1.954,0.696,-0.029,nan,0.003
27bace9b-afb2-424a-af5b-f69ccce01725,Sabrina Guillebeaux,F,10,-1.347,1.246,-0.025,nan,0.005
8d4ab63d-f14c-4013-a97a-3789015b9bd8,Tatiana Ruhl,F,26,-2.842,0.999,-0.0,nan,-0.034
b67f32da-c777-48ab-a6bd-4f5087d2a40f,Ekaterina Biakina,F,39,-2.275,0.808,-0.044,nan,0.01
ebb2a1e0-7c6c-48a4-b994-e81edd8ddb97,Patrick Smith,M,97,0.551,0.63,-0.048,0.053,nan
1bb4e304-37c1-43eb-b223-6eb45ab3b78a,Madeline Schulte,F,77,-1.972,0.643,-0.037,nan,0.017
f03d156f-3d8a-4830-a5d1-ae4372ad5009,Wesley Burrows,M,122,0.05,0.522,0.023,-0.019,nan
1bbc9415-96dd-4751-9513-95274c5fc0f9,Nicole Eugenio,F,43,-0.679,0.769,0.027,nan,-0.023
f8b6b217-f9f8-4fd3-a71d-ae4dfcbb9c89,Ava Ignatowich,F,98,-1.576,0.603,-0.052,nan,0.019
06ba18e0-687b-4aa3-822d-1c86981f576b,Rafa Hewett,M,172,0.67,0.458,0.002,0.022,nan
20684550-cb89-4ea2-9e2f-0f44eb920b45,Chao Yi Wang,F,146,0.874,0.517,-0.004,nan,0.015
38b1bfb1-576b-4a3e-ab6b-e8bc46031c1d,Eric Roddy,M,81,-0.132,0.62,-0.011,0.009,nan
e9849183-4693-4340-abf5-f4b6f3cb226f,Martin Emmrich,M,132,0.188,0.58,0.056,-0.053,nan
461f063e-a587-4638-bad9-421ff33d91d7,Genie Erokhina,F,139,1.031,0.514,0.015,nan,-0.007
571d4503-e073-4580-a555-be3c7f93c59c,Chuck Taylor,M,103,-0.308,0.558,-0.037,0.025,nan
4025f403-d676-42ee-97a1-61d9b38c211b,Allison Phillips,F,111,-0.201,0.554,-0.007,nan,0.008
a9950e78-2b86-495e-a0d2-bb8efac93531,Malia K Lum,F,36,-1.018,0.895,-0.053,nan,0.042
676b1cbc-766c-4616-bf39-1787ffd8c72a,Etta Tuionetoa,F,252,3.163,0.47,0.024,nan,0.018
52726ab1-2ac9-46c0-be90-6b0e7a2d56eb,Pablo Tellez,M,321,1.458,0.383,0.011,0.02,nan
ca3c21b0-a715-40fd-bf00-c81e22d7da11,Daniel De la Rosa,M,150,2.388,0.644,0.038,-0.014,nan
435e466e-22c7-4917-8cb4-ff45bbccde19,Tamaryn Emmrich,F,131,-0.917,0.602,0.058,nan,-0.064
6160a7c7-6b90-41f1-96d3-af5fa1623ca5,Collin Johns,M,287,0.864,0.49,-0.05,0.068,nan
06dc9b8a-5c01-49cf-bb4d-70d7b5f85acf,Brooke Buckner,F,173,2.005,0.567,-0.005,nan,0.03
98c2531f-f5ce-48b5-b251-eb69425d409c,Jillian Braverman,F,59,1.41,0.691,-0.019,nan,0.034
fc05556e-3e38-4a38-99c2-f855174a7c28,Hayden Patriquin,M,360,3.046,0.378,-0.043,0.078,nan
736475dd-7ccd-40d8-8b43-8c2d9ef9e674,Maggie Brascia,F,188,2.285,0.54,0.05,nan,-0.016
84bc805f-1c7a-4151-8c50-f3236805edea,Aanik Lohani,M,39,0.289,0.849,0.001,0.013,nan
64698ef9-a6f7-409d-b416-4892308af978,Alex Neumann,M,23,-1.011,1.008,0.003,-0.014,nan
0dfe6dd7-dcc9-407b-a761-1cafc880401b,Erik Pailet,M,42,-0.216,0.83,0.019,-0.025,nan
d56a6779-9a18-4f34-9519-9a7c7c8b2d0e,Derek Shearer,M,27,-0.701,1.036,nan,-0.016,nan
7edb882c-6d17-4129-8208-710e3c82364c,Federico Staksrud,M,382,2.888,0.416,-0.037,0.07,nan
50908953-a944-4a34-898b-16af312bc814,Rachel Rohrabacher,F,317,3.224,0.511,-0.052,nan,0.1
ff789b9c-80c4-442c-b97e-2e2311298cfb,Vivian Glozman,F,129,1.695,0.516,0.014,nan,0.007
88fb0858-b9c3-4620-9408-0dda0eb241ef,Tyler Loong,M,197,0.597,0.47,-0.045,0.052,nan
4da698bf-605d-4c6c-8566-6bfbdb6c1a24,Genie Bouchard,F,95,-1.736,0.567,0.052,nan,-0.074
ba491f1c-0112-47a8-a348-4695289e958a,Augustus Ge,M,182,1.777,0.462,0.003,0.011,nan
41118195-75b3-4b25-adc9-07991301280a,Craig Johnson,M,127,0.247,0.603,-0.056,0.048,nan
e8e10ea8-2ff2-4155-9169-cc33ff8c6265,Rio Newcombe,M,25,-0.703,0.935,-0.004,-0.004,nan
89647b43-f3f5-49e6-896f-614f0175a3f5,Jackson Ayotte,M,29,-0.069,0.954,-0.01,0.007,nan
1dd5c313-10f5-4e0a-bb9b-699913a5abe8,Mary Brascia,F,196,0.97,0.517,0.055,nan,-0.042
d50310a6-9378-4228-823f-7fb54f7bd698,Gabriel Tardio,M,263,2.604,0.444,-0.02,0.049,nan
d69ec633-93c9-4d07-8870-be9f5acd5330,Rachel Rettger,F,95,-1.31,0.567,0.035,nan,-0.056
a498be96-114c-4857-9d60-4ff2a3e89434,Collin Shick,M,165,1.164,0.571,0.083,-0.065,nan
a9a168ae-7822-4d31-b07b-fba40480c1fc,Brandon French,M,135,-0.227,0.507,-0.057,0.043,nan
f91b88a1-7d1e-41ad-9782-200959faf6bd,Olivia McMillan,F,70,-1.47,0.632,0.011,nan,-0.028
3760b164-aabd-4893-b5a1-91a4eef558c1,Callan Dawson,M,145,0.287,0.512,-0.008,0.018,nan
ec4cdfe2-c6f6-4de1-824e-9adcaeb31196,Judit Castillo,F,106,-0.708,0.625,-0.012,nan,0.005
c4ca8085-84ed-451f-81c0-6df4a1c8d59f,Dominique Schaefer,F,91,-0.995,0.575,-0.013,nan,0.001
22989ac3-e778-487a-ba32-a30243acd294,Christine Trifunovic,F,61,-2.352,0.686,-0.009,nan,-0.016
14d61e81-14d5-4cb3-ae33-d427fbc1b4f6,Quang Duong,M,180,2.393,0.437,0.035,-0.0,nan
1d51becb-4ea0-4878-9660-e3fd2dfaa0ea,Ewa Radzikowska,F,98,2.35,0.632,0.007,nan,0.026
c5964640-5d39-4c95-b6a4-7a1faeda89a6,Amanda Rosati,F,11,-0.727,1.293,0.004,nan,-0.009
7ab0b456-a129-4879-86a6-05d34bd8781e,Domenika Turkovic,F,25,-2.287,1.048,-0.014,nan,-0.021
aec5d8be-9ce0-4cc5-98a4-140fad555fe0,Donald Young,M,91,0.265,0.586,0.031,-0.038,nan
5f367bee-cf3e-4aad-a6e6-72cca04d97e2,Angie Walker,F,145,-0.86,0.546,-0.029,nan,0.019
f76f4ac5-e3cc-4fe6-a4bc-a968b8b991b1,Alex Walker,F,131,-0.342,0.578,-0.023,nan,0.014
850116be-7d0f-4325-ab06-1f37dd3d1c7e,Steve Deakin,M,111,-0.241,0.546,0.02,-0.024,nan
925c1306-6b3b-4510-8482-f34168a0842a,Roscoe Bellamy,M,104,0.537,0.542,-0.014,0.022,nan
7925aefe-e260-4b83-8bfc-214da1d14fb5,Travis Rettenmaier,M,168,1.563,0.472,-0.014,0.037,nan
a384ebf9-24d7-4624-a8a8-160bef70df63,Ammar Wazir,M,10,-0.6,1.34,nan,-0.008,nan
3701f5a0-aa34-4a06-a718-7b223491362e,Ethan Violette,M,10,-2.215,1.25,nan,-0.032,nan
bc7b2475-e580-4734-bc14-814a153bec5d,Pesa Teoni,M,137,-0.007,0.55,-0.033,0.044,nan
2cff4f24-1547-4fe0-af74-9e3412f1ba71,Sam Querrey,M,37,1.323,0.834,0.025,-0.005,nan
6cae3a50-eee6-45ea-8b28-85ef9c50e3c4,Jade Kawamoto,F,152,2.173,0.528,-0.039,nan,0.07
d45a3391-82f4-45d0-ba66-f1901854a8d0,Darrian Young,M,125,0.135,0.497,-0.036,0.042,nan
875df336-1f62-4929-896e-8f458591d636,Zack Taylor,M,18,-1.18,1.131,0.002,-0.016,nan
cd1bf109-4907-4208-bca1-4d12f9494a4c,Casey Diamond,M,93,0.139,0.609,-0.044,0.034,nan
50c2125b-406c-41e7-aad6-5432c7cd8e1c,AJ Koller,M,113,0.904,0.528,-0.024,0.035,nan
0c1bb94d-3af2-42f4-b938-d712c707ace4,Callie Smith,F,240,1.815,0.481,0.015,nan,0.015
295e343a-31a0-4e1d-a286-d62592291435,Jay Devilliers,M,151,1.986,0.563,-0.004,0.024,nan
9decd87b-03ac-4d79-a1e7-d03ca3f7519b,James Ignatowich,M,262,1.599,0.412,0.011,0.001,nan
db5eef5c-99dd-49d9-bbfc-65171a366bda,Anna Bright,F,424,3.666,0.43,0.036,nan,0.006
7319013d-d511-4aa5-a356-4aa2cccf94f5,Lea Jansen,F,272,2.092,0.417,0.019,nan,0.012
581183e8-3d9e-459e-b69f-7337d8b6f3d2,Andrei Daescu,M,268,3.675,0.429,0.031,0.013,nan
66a6c35b-33a2-4a23-b5db-fa53c96d643a,Kaitlyn Christian,F,154,0.586,0.484,0.059,nan,-0.053
a3ed7970-35d2-485c-8285-187c298a2d83,Lacy Schneemann,F,200,1.931,0.453,-0.06,nan,0.091
cd7b97fc-d912-4c59-8ab3-c2d70e79d998,Lina Padegimaite,F,111,1.085,0.57,0.014,nan,0.006
504e8c08-caf6-4db8-b454-11ffa321261c,Lucy Kovalova,F,221,1.389,0.516,-0.021,nan,0.028
759ecf95-26a6-4ffe-bb8b-035d3ec05f31,Matt Wright,M,240,1.412,0.474,-0.01,0.04,nan
76419f3a-712c-4241-8940-6f9bda847ba7,Lauren Stratman,F,175,0.937,0.467,-0.01,nan,0.012
2bfe44bb-d558-411f-abeb-c8522dd42ce9,Julian Arnold,M,203,1.608,0.447,0.021,0.006,nan
3a43c56f-b9d8-4e72-ae8a-58fd69291946,Jack Sock,M,142,1.44,0.54,0.041,-0.025,nan
9b97206b-783a-4fab-85e9-45a6240325a5,Catherine Parenteau,F,317,3.698,0.5,0.005,nan,0.034
f879086b-e0e5-4772-b0a6-4055c265da69,Tina Pisnik,F,315,2.655,0.422,-0.01,nan,0.039
89843e44-48fd-4a3f-b8c0-5f5aa6ae5741,Dekel Bar,M,337,2.254,0.416,-0.036,0.066,nan
afc0bfc9-8cd8-4600-bd45-681092186db3,Vivienne David,F,225,2.01,0.493,0.06,nan,-0.033
12d79cbe-b5c7-4504-ab8f-f352a6bb8629,Thomas Wilson,M,180,2.897,0.533,0.102,-0.064,nan
b51ea0fb-c243-4427-85f8-b798febb51ff,Jorja Johnson,F,303,3.829,0.476,0.013,nan,0.041
bd061b42-2f82-4bbe-82be-d8bcfb37f9e1,JW Johnson,M,316,3.352,0.556,-0.009,0.054,nan
ff38654d-daae-4bad-a1a7-690e4e5706eb,Connor Garnett,M,221,1.88,0.455,-0.043,0.071,nan
efe9989b-5864-48c2-806c-06697024e1da,Allyce Jones,F,205,2.19,0.462,-0.044,nan,0.082
dbcb41e9-e983-410b-bc23-d184d034cfc0,Tyson McGuffin,M,251,1.94,0.449,0.051,-0.015,nan
8f521dcc-1cb5-4c8d-933c-af6b267bd395,Meghan Dizon,F,250,1.613,0.491,0.006,nan,0.017
d43db93c-6710-4a18-a406-497eb7a068ce,Spencer Smith,M,123,0.589,0.549,0.056,-0.053,nan
4b52c4a5-80c7-49e1-9728-460a9d242392,Phillip Locklear,M,35,0.658,0.851,0.023,-0.016,nan
3ad652aa-3fdd-4e53-8f34-dfdedc3c1901,Christine Maddox,F,46,-0.064,0.758,-0.054,nan,0.051
71992955-8b6f-470b-a991-796cfa56a826,Liz Truluck,F,115,-0.685,0.565,-0.01,nan,0.003
9034d36a-1b11-4c9d-ad75-5c665d87b8c5,Pierina Imparato,F,110,-0.2,0.571,0.02,nan,-0.025
6f862c1d-1317-4fe7-bdcd-64caa0dbb088,Ben Johns,M,418,4.383,0.536,-0.032,0.085,nan
129b2771-34b5-4b7f-9c23-e020a6aa3e6a,Anna Leigh Waters,F,378,4.817,0.582,0.027,nan,0.044
05b194b3-db88-4f77-a26f-5ef5cfbf6146,Riley Newman,M,200,2.276,0.434,-0.009,0.036,nan
79a11da1-6aeb-4719-9b1e-9918e0163cec,Christian Alshon,M,307,3.105,0.404,0.073,-0.036,nan
be33755f-9262-461b-aedd-e9a7a686a82c,Jackie Kawamoto,F,198,2.953,0.468,0.052,nan,-0.005
fec65f7e-f2c8-482f-ab5b-541cf53b1064,Tyra Hurricane Black,F,302,2.546,0.429,-0.025,nan,0.053
66e1ddf7-61f6-4683-afdf-b6cc313af407,Todd Fought,M,117,-0.294,0.508,0.008,-0.01,nan
1de884f8-7bf7-4b49-9de8-3f1fd74cabd6,Dylan Frazier,M,275,2.077,0.503,0.005,0.029,nan
a91e2b68-7357-4518-baf9-f59b0b4c2477,Christopher Haworth,M,39,1.246,0.856,0.036,-0.018,nan
8df7caa9-af2f-4381-833a-f56776546f88,Claudio Quinones Garcia,M,22,-1.781,1.02,0.012,-0.03,nan
20a05d48-2059-4900-ad17-c58c875d715b,Thatcher Schwendiman,M,25,-2.142,0.945,-0.014,-0.016,nan
f2f22110-2d83-4a94-9e5b-811d3b01898c,Clayton Boydston,M,39,-0.541,0.9,-0.007,-0.011,nan
25139050-f977-4456-9545-7d63b72fa380,David Litvinov,M,17,0.484,1.115,0.018,-0.009,nan
e4adde58-d9a0-4f1c-afb4-96bbc7f33d22,Benjamin Grant,M,10,-3.239,1.299,-0.013,-0.028,nan
ba7380b8-4820-4239-89d2-772b9c853839,Logan Rosenbach,M,7,0.187,1.375,nan,0.003,nan
11124e87-7f5d-45fd-8282-728c39068a3c,Nick Black,M,34,-0.514,0.881,0.012,-0.013,nan
b35ed876-bcdc-4024-9746-fe1bcb3957f5,John Cincola,M,87,0.183,0.593,-0.038,0.034,nan
ead35052-7367-4296-96d4-064f546cc2b9,CJ Klinger,M,140,2.219,0.501,-0.013,0.031,nan
b1ab7d76-a859-4136-8405-3ed7c9be287a,Mari Humberg,F,147,2.51,0.544,0.022,nan,0.01
90264f6d-f165-4b60-86e5-451cf64f62ae,Emilia Schmidt,F,55,-0.791,0.726,0.012,nan,-0.027
f90428f0-e4a3-4a08-a664-518ba7f188d2,Jack Munro,M,53,1.923,0.762,0.02,0.014,nan
30eb9a2b-1570-473f-8cf1-0f7c9d21b303,Zane Navratil,M,158,0.798,0.471,-0.041,0.047,nan
45e53881-72e4-4de1-9763-c2e7f7f854ba,Andrea Koop,F,100,1.264,0.563,-0.023,nan,0.04
e02ba405-3969-4135-8be6-d320b09c4f3b,Salome Devidze,,25,-0.05,0.93,0.0,nan,nan
70c18684-f615-4d05-9aa9-5cbdbd53ab9f,Carlota Trevino,F,13,-1.009,1.146,0.0,nan,-0.012
8cefb109-0044-4545-a5c3-0cfb4df51612,Tavon Morrow,M,45,-1.168,0.804,-0.027,0.002,nan
b5256e08-9c6a-4eb3-8fe6-f522b269c1ab,Dana Raugust,F,20,-0.52,1.057,0.014,nan,-0.025
c2a65079-49d6-4023-a03f-a97bc3be3bf8,Daniel Jensen,M,70,-0.829,0.69,-0.019,0.008,nan
5883c77e-d6e0-4848-9473-866396578248,Audrey Adele Brown,F,25,-2.201,0.955,-0.037,nan,0.007
d0f19d1e-2a6e-4eb3-b10c-1311edd599a8,Will Howells,M,35,2.089,0.842,0.021,0.007,nan
a33fae19-76c1-4ec3-9845-2b2b471baa70,Johnny Goldberg,M,20,-0.859,0.96,nan,-0.017,nan
98915a37-fa53-445c-8c1c-974170c606d7,Ryan Eveloff,M,18,-2.447,1.106,nan,-0.04,nan
a0582749-fb23-42cc-98ed-1915464c4814,Luke Wasson,M,48,-1.281,0.805,0.009,-0.025,nan
a179a271-6190-4516-b19c-ae7ba47d5821,Drake Palm,M,25,-0.241,0.981,-0.019,0.011,nan
4f142e8d-9a57-41cb-a89b-5b4c3af752fa,Ella Boydston,F,39,-1.205,0.871,0.001,nan,-0.019
04158680-ebb3-4554-96a1-500cc6d00882,Chloe Igleski,F,10,-1.035,1.393,0.001,nan,-0.018
9d55617e-fe7a-4d1c-8bda-3637647ff5cc,Jonny Pickleball Andrews,M,57,-2.305,0.757,-0.021,-0.011,nan
b871e2a8-3498-47b9-a7c5-e75030bc1b35,Keith Read,M,16,-0.344,1.134,nan,-0.006,nan
1e5d81dc-961d-455a-b80f-d6c30c518cde,Caden Nemoff,M,46,-0.734,0.793,-0.005,-0.012,nan
581520bf-6bd3-4c66-9ee3-756f955ec968,Rob Cassidy,M,61,0.156,0.716,0.004,-0.003,nan
d889476e-0b2f-4acf-a873-f7aea0b92dab,Evgeniy Kim,M,20,-0.976,1.012,-0.007,-0.015,nan
3e6b668a-8d26-4424-9420-3ceb18486b65,Daria Walczak,F,28,1.324,0.936,0.016,nan,0.008
ec94501d-8b59-4236-b77d-7238f8925e48,Marcela Aguila Ampon,F,67,-1.022,0.666,-0.015,nan,0.002
d3e486f2-7c25-4bcf-b9dd-81c14f644f60,Etienne Blaszkewycz,M,34,-0.017,0.877,-0.013,0.008,nan
0d23964f-d43f-4006-b1e0-13001393216c,Ross Whittaker,M,51,-2.023,0.722,-0.018,-0.006,nan
edfe3f1d-98b7-4bfb-a107-01ce62316094,Dionne Lim,F,30,-2.012,0.971,-0.008,nan,-0.014
020d8ae2-4895-4135-b7dc-6f43b34c9926,David Hall,M,24,-1.36,1.001,-0.013,-0.003,nan
b6928a70-4384-418f-87d9-76ae2637ea69,Bryce Larson,M,26,-1.138,0.996,0.004,-0.02,nan
72696117-bdb1-4e90-9131-e702b3ab2dff,Brenna Murray,F,21,-1.714,1.038,-0.001,nan,-0.02
392de00d-8c51-4096-be1c-b9e59d882913,Lauren Wong,F,16,-1.855,1.084,0.006,nan,-0.031
57d81852-8998-4d7c-9ed6-737c404c8650,Jericho Grollman,M,20,-0.54,1.004,-0.002,-0.008,nan
9e500bd3-b4ff-449e-81fe-9ef54d091dbc,Sarah Ansboury,F,44,-0.989,0.851,0.005,nan,-0.017
738265f6-e8cf-4d0c-8f2e-88ca455d1dc5,Ernesto Russo,M,4,-1.925,1.509,-0.008,-0.014,nan
4be45b4a-461b-43e3-b0a4-33effdc2248a,Dalia Garza,F,16,-2.218,1.122,-0.014,nan,-0.017
2819525e-d485-4ab3-a300-1c6dbdb3ae39,Quan Do,M,19,-0.96,1.171,-0.026,0.012,nan
d0f63c78-f753-45d9-a510-1b05298ea680,Erik Forsythe,M,26,0.389,1.023,0.001,-0.008,nan
2e858abd-e6cb-4a07-b6ea-fd6ca01556ae,Rachael James,F,26,-0.628,1.039,-0.002,nan,-0.018
910196c3-1d57-456f-b407-bc550a2edec6,Ryan Gilbert,M,14,0.034,1.191,0.025,-0.022,nan
276c3b2a-2dca-4124-a404-18ab4d412dcb,Jordan Bridge,M,7,-2.159,1.395,nan,-0.028,nan
a2c56686-b330-41e4-b7e8-bda8a3ec97a8,Ryan Fu,M,94,-0.005,0.564,0.004,0.001,nan
c3b08889-9218-45d7-a712-72d78dd9a0bb,Tanner Tomassi,M,40,0.057,0.857,0.011,-0.003,nan
e319e2cf-0fce-4c72-9197-f2674c7595b8,Zak Parks,M,9,-1.807,1.353,-0.024,0.002,nan
d36e9231-a965-46ae-9a8a-7ce05416805c,Joshua Reason,M,11,-0.515,1.305,-0.003,-0.001,nan
40c23f2e-99c3-4c87-8cc6-32f8b2d7b334,Carolina Mayorga-Perry,F,23,-0.651,1.032,0.008,nan,-0.024
b025eccb-868e-4ce6-a4db-c1082a288b59,Maddy Rasmusen,F,43,-2.05,0.864,-0.031,nan,0.0
d8610fd6-1ab3-409a-bea3-d7f7b87d7ee0,Shea Donahue,F,2,-0.454,1.676,-0.003,nan,nan
c96f7a83-9cc1-4fbe-a610-126ed8e3a202,Gregory Dow,M,68,-0.716,0.726,-0.07,0.054,nan
7f36e416-0907-43b2-8ec4-e9533088e30f,Bobbi Oshiro,F,61,2.604,0.705,0.032,nan,0.004
74afd19c-8f82-4ca2-9345-e4d693111033,Marshall Brown,M,99,0.555,0.571,0.021,0.002,nan
602ac701-c27e-408d-9e4e-1f7c02578def,Tam Trinh,M,24,0.954,1.026,nan,0.013,nan
aa0157dc-6eeb-48b9-b679-d5cd6b4a5237,Ryan Sherry,M,23,-0.717,0.998,0.007,-0.015,nan
1bab49f1-6891-4d3e-8f77-42aa4fc1d18e,Mohaned Alhouni,M,82,-0.742,0.63,0.009,-0.021,nan
45596674-36ae-4768-b4ee-c7181d9b2ea7,Sammy Lee,M,8,1.118,1.306,nan,0.013,nan
2e0c0227-6e3e-43d5-8037-7f8bd0f9b935,Gabriel Joseph,M,32,-0.617,0.881,0.023,-0.029,nan
6a87bc44-5190-44db-8a2f-467de4de48c6,Christa Gecheva,F,47,0.539,0.788,0.036,nan,-0.031
f4c43443-fdff-4344-b291-274cfd26361e,Juan Benitez,M,23,-0.165,0.987,nan,-0.003,nan
eb14fc6e-ede1-4999-bec3-e36695e7f94e,Milan Rane,F,114,0.843,0.548,0.057,nan,-0.047
8e2f9629-19d0-409d-81dc-b64fe2f3d3ff,Jessie Irvine,F,232,2.18,0.456,0.033,nan,0.016
07ba5aa2-4581-4f2e-a62a-ec802353725c,Irina Tereschenko,F,29,-0.598,0.923,-0.022,nan,0.017
f51d6dfa-5101-49d8-aea5-269e481e1918,Helen To,F,12,-0.57,1.215,-0.003,nan,0.003
3aaa968d-90ed-4a57-bc29-938a618b6aa9,Jamie Haas,F,51,-1.242,0.753,0.014,nan,-0.034
518626d4-2600-4134-8c6a-0ae9315f9625,Cason Campbell,M,35,-1.551,0.838,-0.023,0.001,nan
55b78314-2f02-4a0c-83c2-b7cbfd8b4329,Madalina Grigoriu,F,28,0.156,0.915,0.006,nan,-0.008
65bcab7c-9c93-4dc8-a847-a34da426b933,Martina Frantova,F,115,0.52,0.534,0.036,nan,-0.024
6794d224-7da3-43d9-8300-e24e731f5dea,Samantha Parker,F,61,0.127,0.7,-0.006,nan,0.018
79046b96-4601-4443-ad6a-b1d2451be668,Rachel Summers,F,34,0.022,0.818,0.002,nan,0.001
947ad32d-852b-4b3f-b488-c1f20147f44a,Brian Kerr,M,13,-2.094,1.223,-0.035,-0.001,nan
649a30be-e691-4be4-8677-b9a55699f2b8,Ivy Tschetter,F,10,-1.94,1.255,-0.027,nan,0.002
7886d6aa-2310-4ae8-9874-f0fc9c3e534f,James Delgado,M,44,-0.82,0.901,-0.016,0.005,nan
1374dfe9-4573-4ab6-991d-16bed0a6d25c,Edward Perez,M,37,-1.351,0.878,0.024,-0.039,nan
da1847da-b6a7-43cc-8ba1-1b6c775f29c4,Andrew Anh Pham,M,5,-0.978,1.469,nan,-0.014,nan
cfb42bdb-d0a0-4fc7-b1ea-a77c40aff2d2,Mota Alhouni,M,67,0.843,0.693,-0.002,0.005,nan
c62c2081-d9ce-4750-93f5-c9163bf46f74,Yaamunan Venkatesan,M,4,-0.514,1.451,nan,-0.009,nan
f8917832-134f-4323-a2f2-ac19251c6e01,Sarah Williams,F,16,-0.368,1.108,0.005,nan,-0.01
8af41b49-c25b-4103-bf60-fa36ab5fc278,Chase Ora,M,11,-1.439,1.316,-0.019,nan,nan
4e220040-a533-4d43-85ba-29ad38b5a3b7,Clemens Graute,M,16,-2.961,1.218,-0.026,-0.012,nan
ece1da5c-10cc-41a6-bc48-66d82a4ea10c,Prycen Haas,M,13,-1.012,1.229,-0.012,nan,nan
0fadc58c-ce4c-4a9b-884f-8993354775ca,Rianna Valdes,F,38,0.654,0.839,-0.006,nan,0.008
84a2e8e4-b4fd-4625-8011-244c37e62b72,Jessica Mason,F,37,-3.301,0.885,-0.019,nan,-0.018
d554d53f-5941-46e9-b02f-a56cb2d4a04d,Camila Garcia Wright,F,27,0.638,0.917,0.024,nan,-0.014
bd7773b4-7b8e-4da2-96ce-98fe3490ee93,Lindsey Newman,F,27,-1.69,0.911,-0.009,nan,-0.017
3af01041-5679-400a-87b8-12c01db8cec4,Kate Fahey,F,116,2.21,0.52,0.037,nan,0.0
f78254c2-5dbe-4ccd-85d2-bf5538cb179c,Komal Safdar,F,19,-1.472,1.164,-0.01,nan,-0.007
be74032b-1035-4ece-bf4f-773b45da4d58,Mehvish Safdar,F,18,-1.855,1.21,0.005,nan,-0.04
f6fa549d-8a9c-46fd-aeb8-af8a3f0f7a59,Robert Slutsky,M,27,1.171,0.978,0.025,-0.009,nan
655e0349-7e66-4233-b999-b6cca2298f9b,Yana Newell,F,19,1.272,1.038,-0.01,nan,0.024
091e8c64-3b31-4263-889e-7170c2313b97,Santhosh Narayanan,M,3,-0.356,1.541,nan,-0.007,nan
06e87b30-1f70-46e6-a6a8-17a4086d609a,Kailas Shekar,M,20,-1.656,1.007,-0.001,-0.013,nan
db21a8a7-2a8d-4601-9c95-f00c80a982f0,Miguel Alda,M,19,-0.603,1.055,nan,-0.009,nan
d70642e4-3d95-430a-a537-acc04e56c97d,Dustin Boyer,M,15,0.478,1.06,nan,0.013,nan
a973d880-71ca-48d1-b127-a7e23afd5a19,Matthew Mead,M,12,-0.839,1.272,-0.004,-0.008,nan
15156d9c-65c8-4a3c-a392-c3082975cfc4,James Broker,M,18,-1.04,1.265,-0.014,-0.008,nan
94478a4a-a920-4a12-936c-4dead2ecd1d6,Max Green,M,20,-0.431,1.158,0.011,-0.015,nan
258ef186-666f-4fb3-be50-916b633c96e6,Maximilian Wild,M,27,-1.843,1.155,nan,-0.029,nan
6e4cfa2f-6e11-4c05-9490-059d6218a579,Brett Finan,M,6,-0.867,1.42,-0.001,-0.016,nan
646f7432-e6ad-4ccf-95ee-a0e5d9514d28,Alix Truong,F,140,1.202,0.501,0.048,nan,-0.026
fc684593-8841-4dd1-b77c-5154b2f25bca,Hailee Haymore,F,16,-1.682,1.158,-0.009,nan,-0.015
7cb07784-a295-4038-b712-ec86ecd70c39,Michelle Esquivel,F,68,0.492,0.696,-0.024,nan,0.034
23a8af5a-fed3-445d-99aa-1a5f69a05ff6,Brie Aldridge,F,20,-1.034,1.215,-0.013,nan,nan
02a3c8ae-fb47-4b82-8001-b33d9446a90e,Robert Laidlaw,M,24,-0.224,1.163,-0.002,-0.003,nan
2856d69d-887b-4e89-a5c9-975f581f84a0,Len Yang,M,16,-0.226,1.359,nan,-0.003,nan
6aa0a796-9759-40f5-9c8f-bf4461d032fb,Helena Jansen,F,28,-1.884,0.941,0.018,nan,-0.042
30d6d999-b324-4744-b08c-8309e83c57b0,Naveen Beasley,M,64,0.897,0.749,0.021,0.01,nan
bf96031e-108d-4a37-810a-d43f63339231,Audrey Banada,F,12,0.227,1.258,0.003,nan,0.0
1c49ab19-88d1-43b4-94cb-ab7ec9205ec9,Regina Goldberg,F,47,-0.142,0.753,0.016,nan,-0.019
577d1124-44c9-435d-88e9-01a146f2d177,Eugenia Carolina Lopez Ascarate,F,22,0.591,0.989,0.013,nan,-0.005
26ef815c-33ef-404d-a3b8-f0a26c240109,Stephen Madonia,M,6,0.39,1.439,nan,0.004,nan
43df1205-e834-4427-9f1a-4e173bf93296,Grayson Goldin,M,73,1.003,0.739,0.014,-0.002,nan
55ed7e0a-ff2d-4ac2-aad6-b6772ef4f448,Layne Sleeth,F,82,-0.544,0.615,0.007,nan,-0.01
1bb8b2c1-ca6f-45ac-afdd-fab7e77d69d4,Noe Khlif,M,100,1.724,0.571,0.07,-0.054,nan
5ba3597f-0147-4420-bbc3-00da18ccf339,Justin Hunter,M,3,-0.409,1.57,nan,-0.01,nan
ab3af95f-cc49-4ff2-a731-668dd10a6b50,Farzin Amiri,M,26,-0.642,1.039,-0.019,0.018,nan
ce4f0e14-80ea-4ed0-a81c-7341d356d427,Yuta Funemizu,M,20,-0.468,1.058,-0.005,-0.003,nan
5da57cf9-dfc6-41f5-b853-48f191b873bf,Roman Estareja,M,30,0.392,0.978,0.01,0.007,nan
64e104e8-d388-4d03-9eb9-e3f836ef942c,Tia Elpusan,F,16,0.4,1.186,-0.012,nan,0.015
16e2bfc0-c047-47a9-851d-1cc79ad3f7b1,Chase Womack,M,4,-0.001,1.535,nan,-0.004,nan
1ad19b48-ae39-44aa-b2a0-5a40a6b71420,Daniel Byun,M,13,-0.404,1.318,-0.007,0.0,nan
c14774e8-bb9b-4512-a867-fb4aed28941d,Harrison Yee,M,4,-1.438,1.575,-0.006,-0.015,nan
9eb2503a-b18e-42e2-986d-6c8ee07d0a36,Cade Pierson,F,22,-1.378,1.04,-0.017,nan,-0.018
9e2a5ee1-cdc9-4635-a15a-540ee99192b7,Mitchell Hargreaves,M,8,-1.843,1.222,-0.031,0.005,nan
ef40c5da-1ba2-403f-929c-38312222b8e0,Chiron Burl,M,11,-1.715,1.232,-0.004,-0.02,nan
14425212-36dd-43e0-bd0e-518303d3a8c8,Jake Presser,M,2,-1.027,1.637,nan,-0.009,nan
64a6650b-96f6-4382-8db8-9edcd7838743,Kento Tamaki,M,32,-1.806,0.841,-0.007,-0.02,nan
9dc57e5e-1e15-4c18-9f9b-ea82ae9a5d46,Andre Millet,M,10,-1.438,1.319,nan,-0.013,nan
25a6f570-d617-427a-9fc4-3bf6115a9a84,Hannah Blatt,F,72,-2.079,0.728,-0.01,nan,-0.01
17acdeab-879d-46c1-bc2c-b31d17acb8ed,Jeremy Lim,M,5,0.107,1.457,nan,-0.001,nan
7e657393-16e5-4dd0-b230-47ffe15b6581,Gerald Ferrer,M,2,-0.636,1.689,nan,-0.011,nan
cd71f5e4-529b-43e0-ae28-2c9127711ae2,Charles Case,M,9,-0.956,1.339,-0.017,0.001,nan
0f2bcb8e-7a61-420c-ac30-b9626b8049a6,Caitlin Klaassen,F,16,-1.098,1.079,-0.024,nan,0.001
7bf10f67-cf48-4d2d-96ea-4e7d2646d9a8,Ryan Smith,M,23,0.402,1.125,0.001,-0.004,nan
6382a284-3db4-4d37-ac8a-2234c250bc81,Amrik Donkena,M,7,-1.283,1.395,nan,-0.014,nan
52690a0c-ed4a-4e0b-bf69-4ef416cf7d55,Eric Oncins,M,56,1.535,0.694,0.01,0.012,nan
c85c50d9-eaa4-4581-b6bb-583a808706bf,Kyle Koszuta,M,27,-0.375,0.932,0.005,-0.012,nan
ded801fd-297a-4761-b63e-d8fbbfeb5762,Shelby Bates,F,25,0.472,1.008,0.019,nan,-0.006
67a8852b-b49d-4cb0-8ff0-1f4ddf644485,Amanda Hendry,F,20,0.109,0.966,-0.017,nan,0.025
89aaafba-7d47-4938-b918-b960dff5bebc,Ryan Finley,M,27,0.03,1.053,-0.002,-0.001,nan
8187d00f-7c10-4947-a218-1641c659356c,Sam Angelo,M,22,1.306,1.135,nan,0.02,nan
306da673-de7e-44f5-bc16-0738b44bd089,Christopher Crouch,M,5,-0.141,1.484,nan,0.0,nan
3b609732-aeb8-49ef-af26-4321e6e0d151,Bryanna Ojeda,F,12,-2.355,1.208,-0.031,nan,0.006
9eff9049-c45c-42ee-9a49-e9a797cc2116,Cailyn Campbell,F,10,-1.92,1.215,-0.024,nan,0.001
ea90bdd7-53bf-4892-8bc9-802c55feee1e,Ruben A Gonzales Jr,M,17,-0.57,1.288,nan,-0.011,nan
6ee6ec8b-17cd-44f0-ad2a-a3e3460100ce,Dave Bacalla,M,15,-0.226,1.186,nan,-0.004,nan
9647bc45-f17b-43c8-9658-32448d4d95b9,Leah Tauber,F,24,-0.322,0.968,-0.022,nan,0.02
62955f38-bdf5-46af-9622-13c7afe90619,Jonathan Truong,M,13,-0.009,1.144,-0.017,0.007,nan
b9bacc1e-29b5-4a92-a9c1-24e08ac72215,Sofia Sewing,F,42,0.82,0.815,-0.028,nan,0.045
b03ff4de-9b8f-46a8-a530-d8f19e9d6ec9,Max Freeman,M,68,1.413,0.705,-0.013,0.035,nan
e4c4c646-5650-45b9-8673-5b5e9d2174e0,Zachary Marceau,M,18,-0.899,1.069,-0.013,0.003,nan
b9dbf1d9-f5a8-4d6b-8685-00d7f477a42e,Henry Boyle,M,13,-0.282,1.203,-0.004,-0.001,nan
d8d51930-abf9-468b-9e43-55a9c0728d58,Anouar Braham,M,17,-1.009,1.201,0.009,-0.025,nan
c4542ad5-6e33-408f-b457-75535f5bd72a,Adrian Garza,M,5,-0.918,1.423,nan,-0.016,nan
f72c029b-444a-49f1-a4f7-7bea007dc8ba,Jose Farias,M,6,-1.732,1.357,-0.009,-0.016,nan
7464628e-931a-44c9-b0df-749a7cb32eaa,Adam Harvey,M,4,0.626,1.459,nan,0.008,nan
0b75af4a-8c68-4ff7-a2f1-09bda71b5bed,Andre Mercado,M,4,-1.66,1.532,nan,-0.026,nan
1d5698ad-f0a1-4ff7-8321-6c166069946e,Pally Ray,M,4,-1.66,1.594,nan,-0.018,nan
7af5cd0a-26b8-4424-b743-ed83d4a1c201,Richard Livornese Jr,M,11,-0.023,1.283,-0.002,0.001,nan
a92239e2-429d-4a0a-85b7-58cac29488ee,Jordan Chrysostom,M,8,-0.746,1.377,nan,-0.008,nan
71b69208-128b-4395-beae-129689d36204,Willy De Vilchez,M,5,-1.001,1.496,nan,-0.009,nan
9bce3fcf-8e63-4ed7-b4a5-00e0063a618f,Ariana Rodriguez,F,14,-0.267,1.095,-0.022,nan,0.017
0c5b84bb-4c04-4906-86bc-deb533ff4eec,Zane Ford,M,15,0.192,1.264,nan,-0.003,nan
6f149538-c6f6-4ad5-9e60-2afc100f97c1,Spartak Rahachou,M,7,-0.517,1.369,-0.012,0.008,nan
c84377c6-b0ca-42dd-bc1a-2fd3d3c4ef9f,Ryan Torresin,M,5,-1.056,1.517,-0.007,nan,nan
